Line Number,Sentence
1,தமிழ்ப்புலவர் பெருமக்கள் வரலாற்றுப் பேரறிஞர் மா.,False
2,இராசமாணிக்கனார் நிலவன் பதிப்பகம் நூற் குறிப்பு நூற்பெயர் தமிழ்ப்புலவர் பெருமக்கள் ஆசிரியர் வரலாற்றுப் பேரறிஞர் மா.,False
3,இராசமாணிக்கனார் பதிப்பாளர் முனைவர் க.,False
4,படிகள் மேலட்டை தமிழ்க்குமரன் வி.,False
5,சித்ரா நூலாக்கம் வி.,False
6,"சித்ரா அச்சிட்டோர் வெங்கடேசுவரா ஆப்செட் பிரிண்டர் வடபழனி, சென்னை .",False
7,"வெளியீடு நிலவன் பதிப்பகம், பி , பாண்டியன் அடுக்ககம், சீனிவாசன் தெரு, தியாகராய நகர், சென்னை .",False
8,நூல் கிடைக்குமிடம் தமிழ்மண் பதிப்பகம் .,False
9,என் தந்தையின் பதிப்புச் சுவடுகளைப் பின்பற்றி எம் பதிப்புப் பணியைச் செய்து வருகிறேன்.,False
10,தமிழ்ப் பேரறிஞர் முனைவர் மா.,False
11,இவற்றில் நூல்களை இல் எம் பதிப்பகம் வெளியிட்டுள்ளது.,False
12,தொடர் பணியாக இல் நூல்களை தமிழுலகம் பயன்படும் வகையில் எம் பதிப்பகம் வெளியிட்டுள்ளது.,False
13,இதனை அனைவரும் படித்துப் பயன்பெற வேண்டுகிறேன்.,False
14,தமிழமுது நுழையுமுன் மனிதரில் தலையாய மனிதரே!,False
15,"மொழி, இனம், நாடு எனத் தமிழ் கூறும் நல்லுலகம் பற்றி ஆழச் சிந்தித்தவர்களுள் அவர் குறிப்பிடத்தக்கவர்.",False
16,"தாமுண்டு, தம் குடும்பமுண்டு, தம் வேலையுண்டு என்று அவரால் இருக்க முடியவில்லை.",False
17,"மொழி நலம், தமிழ்த் திருமணம், சாதி மறுப்பு என்பன அவருடைய தொடக்கக் காலக் களங்களாக அமைந்தன.",False
18,"தாய்மொழித் தமிழ், தமிழரிடையே பெறவேண்டிய மதிப்பையும் பயன்பாட்டையும் பெறாமலிருந்தமை அவரை வருத்தியது.",False
19,தமிழ் நமது தாய்மொழி ஈன்ற தாயைப் போற்றுதல் மக்களது கடமை.,False
20,ஒரு தமிழன் மற்றொரு தமிழனோடு பேசும்போது பெரும்பாலும் பிறமொழிச் சொற்களைக் கலந்தே பேசுவதைக் காண்கிறோம்.,False
21,இப்பிறமொழிச் சொற்கள் நம் மொழியிற் கலந்து தமிழ் நடையைக் கெடுத்துவிடுகின்றன.,False
22,மொழிக் கொலை புரிவதில் முதற்பரிசு பெறத்தக்கவர் நம் தமிழரே ஆவர்!,False
23,நம் தமிழ்நாட்டுச் செய்தித் தாள்களில் தமிழ்ப் புலமையுடையார் பெரும்பாலும் இல்லையென்றே கூறலாம்.,False
24,இவற்றைத் தமிழ்ச் செய்தித்தாள்கள் என்று கூறுவதற்குப் பதிலாக கலப்பு மொழிச் செய்தித்தாள்கள் என்று கூறுதலே பொருந்தும்.,False
25,"இவ்வாறு செய்தித் தாள்களில் மொழிக் கொலை புரிவோர் வேற்று நாட்டவரல்லர், வேறு மொழி பேசும் அயலாரல்லர்.",False
26,தமிழகத்தில் பிறந்து தமிழிலேயே பேசிவரும் மக்களாவர் என்பதை வெட்கத்துடன் கூற வேண்டுபவராக இருக்கிறோம்.,False
27,நாடு முழுவதும் மொழி நலம் குன்றியிருந்தமையைத் துறை சார்ந்த சான்றுகளோடும் கவலையோடும் சுட்டிக் காட்டியதோடு இராசமாணிக்கனார் நின்றுவிடவில்லை.,False
28,"மொழியை எப்படி வளர்ப்பது, காப்பாற்றுவது, உயர்த்துவது என்பதே அவருடைய தொடர்ந்த சிந்தனையாக இருந்தது.",False
29,காலங் காலமாக அடிமைப்பட்டுக் கிடந்த சமுதாயம் அவர் கண் முன் நின்றது.,False
30,வடமொழி ஆதிக்கமும் ஆங்கிலப்பற்றும் தமிழ் மக்களின் கண்களை மூடியிருந்தன.,False
31,அக்கடமையை நிறைவேற்ற அவர் கையாண்ட வழிகள் போற்றத்தக்கன.,False
32,தம்முடைய மாணவர்களை அவர் முதற்படியாகக் கொண்டார்.,False
33,நல்ல தமிழில் பேசவும் எழுதவும் அவர்களுக்குப் பயிற்றுவித்தார்.,False
34,சிறுசிறு கட்டுரைகளை உருவாக்கப் பயிற்சியளித்தார்.,False
35,மொழிநடை பற்றி அவர்களுக்குப் புரியுமாறு கலந்துரையாடினார்.,False
36,மொழி நடையைச் செம்மையாக்குவது இலக்கணமும் பல நூல்களைப் படிக்கும் பயிற்சியுமே என்பதை விளங்க வைத்தார்.,False
37,இலக்கணப் பாடங்களைப் பள்ளிப் பிள்ளைகள் விரும்பிப் படிக்குமாறு எளிமைப்படுத்தினார்.,False
38,அதற்கெனவே நூல்களை உருவாக்கினார்.,False
39,பயிலும் நேரம் தவிர்த்த பிற நேரங்களிலும் மாணவர்களுடன் உரையாடித் தமிழ் மொழியின் வளமை குறித்து அவர்களைச் சிந்திக்கச் செய்தார்.,False
40,"அவரிடம் பயின்றவர்களுள் பலர் பின்னாளில் சிறந்த தமிழறிஞர்களாகவும், நூலாசிரியர்களாகவும் உருவானமைக்கு இத்தகு பயிற்சிகள் உரமிட்டன.",False
41,வண்ணையம்பதியில் தனலட்சுமி தொடக்கப் பள்ளியில் பேராசிரியரின் தமிழ்த்தொண்டு தொடங்கியது.,False
42,அங்குத் தொடர்ந்து வகுப்புகள் நடத்தினார்.,False
43,பணிகளில் இருந்தவர்களுக்கு வார இறுதி நாட்களில் தமிழ் வகுப்பெடுத்தார்.,False
44,உறவினர்களைக் கூட அவர் விட்டு வைக்க வில்லை.,False
45,குடியரசு இதழில் சொற்ப ஊதியத்தில் பணியாற்றிக் கொண்டிருந்த தம் மைத்துனர் பு.,False
46,"செல்வராசனை வித்துவான் படிக்க வைத்து, சென்னை அப்துல் அக்கீம் உயர்நிலைப் பள்ளியில் தலைமைத் தமிழாசிரியராகப் பணிபெறச் செய்தார்.",False
47,"கல்வி வழி விழிப்புணர்வில் பெருநம்பிக்கை கொண்டிருந் தமையால், அரசியலாரும் சமூகத் தலைவர்களும் நாடெங்கும் கல்விக் கூடங்களை ஏற்படுத்த வேண்டும்.",False
48,பெண்கள் பின்தங்கிய காலம் அது.,False
49,அடுப்பூதும் பெண்ணுகளுக்குப் படிப்பெதற்கு என்று கேட்டவர்கள் மிக்கிருந்த காலம்.,False
50,அந்தக் கால கட்டத்தில்தான் பேராசிரியர் பெண் கல்விக்காகக் குரல் கொடுத்தார்.,False
51,"எட்டாம் வகுப்பே படித்திருந்த தம் மனைவிக்குத் தாமே ஆசிரியராக இருந்து பயிற்றுவித்து அவரை, வித்துவான் பட்டம் பெறச் செய்தார்.",False
52,என் கணவர் எனக்கு ஆங்கிலப் பாடமும் தமிழ்ப்பாடமும் கற்பித்து வந்தார்.,False
53,பாடம் கற்பிக்கும் நேரத்தில் பள்ளி ஆசிரியராகவே காணப்பட்டார்.,False
54,ஒவ்வொரு பெண்ணும் தன்னைக் காத்துக் கொள்ளும் வகையில் கல்வி கற்றுப் பொருளீட்ட வேண்டும் என்பது என் கணவர் கருத்து.,False
55,"அதனால், என்னைப் பெண்கள் பள்ளியில் தமிழாசிரியராக அமர்த்தினார்.",False
56,அவருடைய ஆசிரியப் பணி அதற்குத் துணையானது.,False
57,தம்மிடம் பயில வந்தவர்க்கு மொழியுணர்வூட்டினார்.,False
58,தமிழகத்தில் ஆட்சி தமிழிலேயே இயங்க வேண்டும்.,False
59,எல்லாக் கல்வி நிலையங்களிலும் ஆங்கிலம் ஒழிந்த எல்லாப் பாடங்களையும் தமிழில் கற்பித்தல் வேண்டும் என்பது அவர் கொள்கையாக இருந்தது.,False
60,அறிவியல் மனப்பான்மையை ஊட்டி வளர்க்கும் முறையில் அமைந்த பாடநூல்களையே பிள்ளைகள் படிக்கும்படிச் செய்தல் வேண்டும்.,False
61,உலக நாடுகளோடு தம் நாட்டை ஒப்பிட்டுப் பார்த்துக் குறைகளை நிறைவாக்கும் மனப்பாங்கு வளரும்படியான முறையில் கல்வி அளிக்கப்படல் வேண்டும்.,False
62,அதற்காகவே தாம் பணியாற்றிய பள்ளிகளிலும் கல்லூரிகளிலும் இருந்த மாணவர் மன்றங்களைச் செயலூக்கம் பெற வைத்தார்.,False
63,தமிழ் மன்றங்கள் இல்லாத கல்வி நிலையங்கள் அவற்றைப் பெறுமாறு செய்தார்.,False
64,பேச்சையும் எழுத்தையும் இளைஞர்கள் வளப்படுத்திக் கொள்ள உதவுமாறு வழியும் வகையும் என்றொரு சிறு நூல் படைத்தளித்தார்.,False
65,இங்ஙனம் மொழியுணர்ச்சி கொள்ளும் மக்களிடையே தான் நாட்டுப்பற்றும் இனவுணர்ச்சியும் சிறந்து தோன்றும்.,False
66,"ஆதலின், ஓரினத்தவர் இனவொற்றுமையோடு நல் வாழ்வு வாழ மொழிநூலறிவு உயிர்நாடி போன்ற தாகும்.",False
67,"தமிழ் மக்களுக்கு மொழிப் பற்றையும், மொழியறிவையும் ஊட்டிய அதே காலகட்டத்தில், அவர்களை நாட்டுப்பற்று உடையவர்களாகவும் மாற்றினார்.",False
68,நாட்டுக்காக உழைத்த அறிஞர்களின் வரலாறுகளைச் சிறுசிறு நூல்களாக்கி இளைஞர்கள் அவற்றைப் படித்துய்ய வழிவகுத்தார்.,False
69,"இளைஞர்கள் படித்தல், சிந்தித்தல், தெளிதல் எனும் மூன்று கோட்பாடுகளைக் கைக்கொண்டால் உயரலாம் என்பது அவர் வழிகாட்டலாக இருந்தது.",False
70,தாமாக எண்ணும் ஆற்றல் உள்ளவரும் உண்மையான தமிழ்ப்பற்று உடையவருமே நல்ல எழுத்தாளர்.,False
71,"தமிழ் எழுத்தாளர் தமிழ் இலக்கண, இலக்கியங்களைப் படித்தவராக இருப்பது நல்லது.",False
72,தாழ்ந்துள்ள தமிழ்ச் சமுதாயத்தை உயர்த்தப் பயன்படும் நூல்களை எழுதுவதையே எழுத்தாளர்கள் தங்கள் சிறந்த கடமையாகக் கருத வேண்டும்.,False
73,சிறந்த கருத்துக்களோடு பிழையற்ற எளிய நடையையும் பொதுமக்களுக்கு ஊட்டுவது எழுத்தாளர் கடமை என்பதை அவர்கள் மறந்து விடலாகாது.,False
74,இதுவே அறநெறிப்பட்ட எழுத்தாளர் கடமை என்பதை நான் வற்புறுத்த விரும்புகிறேன்.,False
75,"சாதிகள் ஒழிந்து சடங்குகள் அற்ற சமயம் நெறிப்படத் தமிழர், தமிழ் வாழ்வு வாழ வேண்டுமென்பதில் அவர் கருத்தாக இருந்தார்.",False
76,"அதனால் தான், வாழ்க்கையின் தொடக்க நிலையான திருமணம் தமிழ்த் திருமணமாக அமைய வேண்டுமென அவர் வற்புறுத்தினார்.",False
77,"இதற்காகவே அவர் வெளியிட்ட தமிழர் திருமண நூல், தமிழ்ப் பெரியார்களின் ஒருமித்த வரவேற்பையும் பாராட்டையும் பெற்றது.",False
78,எல்லோரும் வேலை செய்து பிழைக்கவேண்டும்.,False
79,ஒழுக்கம் வேண்டும்.,False
80,எல்லோரும் ஒழுக்கத்திற்கு மதிப்பைத் தரவேண்டும்.,False
81,ஒழுக்கம் உயிரினும் சிறந்தது.,False
82,ஒழுக்கத்தோடு உறையும் கல்விதான் மனிதனை உயர்விக்கும் என்று தெளிவுபடுத்தியுள்ளார்.,False
83,"மறுபிறப்பு நேர்ந்தால், மீண்டும் தமிழகத்தே பிறக்க வேண்டும் என்று அவாவிக் கட்டுரைத்த தமிழ்மண் பற்றாளர்.",False
84,டாக்டர் இரா.,False
85,கலைக்கோவன் உள்ளுறை எண் பக்கம் .,False
86,டாக்டர் உ.வே.,False
87,சாமிநாதையர் .,False
88,இளமைப் பருவம் .,False
89,பிள்ளையவர்கள் மாணவர் .,False
90,ஆசிரியர் பதவியும் நூல்கள் வெளியீடும் .,False
91,நற்குணங்கள் .,False
92,சதாவதானிசெய்குதம்பிப் பாவலர் .,False
93,இளமையும் கல்வியும் .,False
94,சென்னையில் பாவலர் .,False
95,பாவலர் சதாவதானி யாதல் .,False
96,இல்லற வாழ்க்கையும் தமிழ்த் தொண்டும் .,False
97,மறைமலையடிகள் .,False
98,கல்விப் பயிற்சி .,False
99,பலவகைப் பணிகள் .,False
100,தமிழ்ப் பேராசிரியர் .,False
101,அடிகளின் பிற்கால வாழ்க்கை .,False
102,டாக்டர் உ.வே.,False
103,சாமிநாதையர் .,False
104,இளமைப் பருவம் தமிழின் சிறப்பு மொழியின் வளர்ச்சிக்கெனப் பணிபுரிவதே முதன்மையான நாட்டுத் தொண்டாகும்.,False
105,மொழியின் சிறப்பே நாட்டின் பெருமையை விளக்க வல்லது.,False
106,மொழிச் சிறப்பு அதன் இலக்கியங்களைப் பொறுத்தது.,False
107,"இலக்கியங்கள் நிறையப் பெற்றுள்ள மொழியும், அம்மொழியினைக் கொண்ட நாடும் பெருமைக்குரியவை ஆகும்.",False
108,"தமிழ், இன்பத் தமிழ் பாவின் சுவைக்கடல்.",False
109,நாட்டின் இழிநிலை ஊனிலே எம்முயிர் உள்ளளவும் நிதம் ஓதி உணர்ந்து இன்புறுவோமே....,False
110,தமிழ் நூலின் நன்னயம் முற்றும் தெளிவோமே என்னும் உணர்ச்சி அக்காலத் தமிழனிடத்தில் மிகுந்திருந்தது.,False
111,"ஆனால், இடைக்காலத்தில் தமிழ்நாடு வேற்று நாட்டவரின் ஆட்சிக்கு உட்பட நேரிட்டது.",False
112,தமிழன் தன் உணர்ச்சியை இழந்தான் மொழிப்பற்று அற்றான் நாட்டுப் பற்றைத் துறந்தான்.,False
113,இதன் பயனாகத் தமிழ் இலக்கியங்கள் அழிந்தன ஆடிப் பதினெட்டாம் பெருக்கில் பல நூல்கள் ஆற்றோடு போயின.,False
114,நூல் வறுமை பத்தொன்பதாம் நூற்றாண்டில் தமிழ் படிக்க விரும்பியவர்களுக்குத் தமிழ் நூல்கள் கிடைப்பது முயற் கொம்பாயிற்று.,False
115,தமிழில் இன்னின்ன நூல்கள் இருக்கின்றன என்பதைக் கூடத் தமிழர்கள் அறிய முடியாமற் போயிற்று.,False
116,படிக்கும்போது ஒவ்வொரு நூலையும் ஆசிரியரின் ஏட்டிலிருந்து மாணவர்கள் புதிய பனை ஏடுகளில் பதிவு செய்துகொள்ள வேண்டும்.,False
117,இதனால் தமிழ்க் கல்வி பயிலுவதென்பது பலருக்கு அரிய செயலாயிருந்தது.,False
118,"இத்துன்ப நிலையறிந்து வருந்தி, ஆற்றோடு போகவிடாமல் எஞ்சியுள்ள நூல்களையேனும் திரட்ட வேண்டும் என்று உழைத்தோர் சிலர்.",False
119,அவ்வாறு திரட்டியவைகளை அச்சிற் பதிப்பித்து வெளியிட முயன்றோர் மிகச் சிலர்.,False
120,டாக்டர் உ.வே.,False
121,"சாமிநாதையர் இவ்வண்ணம் கிடைக்கும் நூல்களைத் திரட்டி, அவற்றை அச்சிற் பதிப்பிக்கும் பணியினையும் மேற்கொண்டு உழைத்த வருள் டாக்டர் உ.வே.",False
122,சாமிநாதையர் சிறந்தவர் ஆவர்.,False
123,உத்தமதானபுரம் சோணாடு சோறுடைத்து என இலக்கியப் புகழ் பெற்றது தஞ்சை மாவட்டம்.,False
124,இன்றும் தென் இந்தியாவின் நெற்களஞ்சியம் என இம்மாவட்டம் சிறப்புப் பெற்றுள்ளது.,False
125,இவ்வட்டாரத்தில் உள்ள உத்தம தானபுரம் என்னும் சிற்றூரே டாக்டர் உ.வே.,False
126,சாமிநாதையர் பிறந்த ஊராகும்.,False
127,உத்தமதானபுரத்தில் இவ்வளவு ரூபாய் உடையவர் என்று கணக்கிட்டுச் சொல்லும் சொத்து உடையவர் ஒருவரும் இல்லை.,False
128,ஐயரின் பெற்றோர் உத்தமதானபுரத்தில் வாழ்ந்தவர்களுள் வேங்கட சுப்பையர் என்பார் ஒருவராவார்.,False
129,அவர் இசையிலும் தமிழ் மொழியிலும் புலவராக விளங்கினார் சமயப்பற்று மிகுந்த வராக இருந்தார்.,False
130,"உடையார் பாளையம், அரியலூர் ஆகிய இடங்களின் குறுநில மன்னர்களுடைய அரண்மனைகளில் இசைப் புலவராக இருந்தார்.",False
131,தம்மை நாடிவந்த மாணவர் பலருக்கு இசையினையும் தமிழ் மொழியினையும் கற்பித்து வந்தார்.,False
132,"இசை கற்பிப்பது, புராணப் பிரசங்கங்கள் செய்வது போன்றவற்றின் மூலம் கிடைக்கும் சிறிதளவு வருவாயில் அவர் குடும்பம் நடந்துவந்தது.",False
133,அவருடைய நற்பண்புகளுக்கும் தூய மனத்திற்கும் ஏற்றவாறு இல்லக்கிழத்தியார் அமைந்தார்.,False
134,"எனினும், குழந்தை பிறக்கவில்லை என்னும் கவலை நீண்ட காலம்வரை அவர்கள் மனத்தை வருத்திவந்தது.",False
135,பிள்ளைக்கலி தீர்க்க வந்த அக்குழந்தையைப் பெற்றோர் சீராட்டிப் பாராட்டி வளர்த்தனர் குழந்தைக்கு வேங்கடராமன் என்னும் பெயரிட்டு மகிழ்ந்தனர்.,False
136,அப்பெயர் தம் மாமனாரின் பெயராக இருப்பதால் சாமிநாதன் என்னும் பெயரால் குழந்தையைத் தாயார் அழைத்துவந்தார்.,False
137,தாயார் இட்டு அழைத்த பெயரே குழந்தைக்கு இறுதிவரை நிலைத்துவிட்டது.,False
138,"பின் ஐந்தாண்டு அடைந்தவுடன், திண்ணைப் பள்ளிக்கூடம் ஒன்றில் சேர்க்கப்பட்டார்.",False
139,"முதன் முதலில் வேங்கட சுப்பையரே தம் புதல்வருக்கு நிகண்டுகள், சதகம், இசை முதலியவற்றைக் கற்பித்து மனப்பாடம் செய்துவைத்தார்.",False
140,பிறகு ஐயரவர்கள் திண்ணைப் பள்ளியில் தொடக்கக் கல்வியை நன்கு பயின்றார்.,False
141,இதற்கு முறை சொல்லுதல் என்பது பெயராகும்.,False
142,ஆசிரியர் வீட்டிற்குள் இருந்தபடியே மாணவர்கள் கூறுபவைகளைக் கவனித்துக் கொண்டிருப்பார்.,False
143,எழுதிப் பழக வேண்டிய பிள்ளைகள் அதில் எழுதுவர் பிற பிள்ளைகள் தத்தம் பாடங்களைப் படிப்பர்.,False
144,பிள்ளைகள் மறுநாள் பள்ளிக்கு வரும்போது இப்பெயர்களை மறவாமல் கூறவேண்டும்.,False
145,பிள்ளைகளின் நினைவாற்றலைப் பெருக்க அக்கால ஆசிரியர் களால் இம்முறை கையாளப்பட்டது போலும்!,False
146,இப்பள்ளிகளில் திறமையும் உடலுரமும் உடையவன் சட்டாம் பிள்ளையாக இருப்பான்.,False
147,ஆசிரியர் இல்லாத காலங்களில் சட்டாம்பிள்ளை சர்வாதிகாரியாக இருப்பது வழக்கம்.,False
148,பழைய மாணவர்கள் புதிதாக வந்து சேரும் மாணவர்களுக்குப் பாடம் கற்பிப்பதும் உண்டு.,False
149,"அக்கால மாணவர்கள் மணலைக் கற்பலகையாகவும், பனை ஓலையைக் காகிதமாகவும், எழுத்தாணியைப் பேனா வாகவும் கொண்டனர்.",False
150,அக்கால மாணவர் முதலில் எழுதப் பழகுவது மணலில்தான்.,False
151,"ஆசிரியர் முதலில் எழுதிக் காட்ட, அவ்வெழுத்துக்களை மாணவர்கள் வாயால் உரத்துச் சொல்லிக்கொண்டே விரலால் மணலில் எழுதுவார்கள்.",False
152,"பிறகு பனை ஓலையை வாரி, ஒழுங்காக நறுக்கித் துளையிட்டுக் கோக்கக் கற்பிக்கப்படுவர்.",False
153,அதற்குப் பிறகு எழுத்தாணி பிடித்து எழுதக் கற்பிக்கப்படுவர்.,False
154,சுவடிகளில் மை பூசுவதற்கு மையாடல் விழா என்பது பெயராகும்.,False
155,இத்தகைய பள்ளிகளில் பிள்ளைகள் ஐந்தாம் வயதில் சேர்க்கப்படுவர்.,False
156,முதலில் ஆசிரியர் நெடுங்கணக்குக் கற்பிப்பார்.,False
157,"எழுத்துக்கள் வந்த பிறகு, ஒவ்வொன்றாகச் சுவடி துவக்கப்படும்.",False
158,இதற்குச் சுவடி துவக்கல் என்பது பெயர்.,False
159,ஐயங்கார் வேங்கட சுப்பையரின் நண்பர்.,False
160,வேங்கட சுப்பையரின் பாட்டுக்கு ஐயங்கார் வீணை வாசிப்பார்.,False
161,இருவரும் அடிக்கடி இசை பற்றிய ஆராய்ச்சிகளைச் செய்துகொண்டிருப்பர்.,False
162,சடகோபர் நன்றாகத் தமிழ் பயின்றவர்.,False
163,"ஆதலின், அவரிடம் மாணவர் பலர் சேர்ந்து பாடங்கேட்டனர்.",False
164,"சாமிநாதையர் அவரிடம் திருவரங்கத்து அந்தாதி, திருவேங்கட மாலை, திருவேங்கடத்து அந்தாதி முதலிய நூல்களைப் பாடங்கேட்டார்.",False
165,சாமிநாதையர் இவ்வளவுடன் திருப்தி கொள்ளவில்லை மேலும் பல தமிழ் நூல்களைக் கற்க விரும்பினார்.,False
166,அக்காலத்தில் புலவர்களுள் மிகச் சிலர் தவிர மற்றையோர் எல்லா நூல் களையும் படித்தவர்களாக இல்லை நூல்கள் கிடைக்கவு மில்லை.,False
167,"எனவே, தக்கார் ஒருவரைத் தேடிக் கற்றல் வேண்டும் என்னும் அவா ஐயர் மனத்தில் எழுந்தது.",False
168,தம் தந்தையாரைப் போல இசைப்புலவர் ஆகுமாறு சிலர் அவரைத் தூண்டினர் ஆனால் அவர் அதற்கிசையவில்லை.,False
169,பிள்ளையவர்களைப் பற்றி முன்னரே கேள்வி யுற்றிருந்த ஐயரும் அம் மகா வித்துவானை அடையும் நாளை ஆவலோடு எதிர்பார்த்துக் கொண்டிருந்தார்.,False
170,பிள்ளையவர்கள் மாணவர் மாணவராகச் சேர்தல் சாமிநாதையர் தமது பதினேழாம் வயதில் மகா வித்துவான் மீனாட்சிசுந்தரம் பிள்ளையவர்களிடம் வந்து சேர்ந்தார்.,False
171,வேங்கட சுப்பையர் தம் புதல்வரை அழைத்துச் சென்று பிள்ளையவர்களிடம் அடைக்கலப்படுத்திவிட்டார்.,False
172,பிள்ளையவர்கள் அவ்வமயம் திருவாவடுதுறை மடத்தின் ஆதீன வித்துவானாகவும் அம்மடத்தின் தலைவராகிய மேலகரம் சுப்பிரமணிய தேசிகரின் உயிர்த் தோழராகவும் விளங்கினார்.,False
173,மயிலாடுதுறையில் மாயூரத்தில் நிலையாக வாழ்ந்தார்.,False
174,"அவர், ஐயரவர்களின் அறிவுக் கூர்மையையும் அடக்கத்தையும் கண்டு மகிழ்ச்சியோடு அவரைத் தம் மாணவராக ஏற்றுக்கொண்டார்.",False
175,இதனால் ஐயரவர்கள் அடைந்த மகிழ்ச்சிக்கு எல்லை இல்லை.,False
176,"அவர் இவ்வாறு ஆறு ஆண்டுக்காலம் பிள்ளையவர்களுடன் இருந்து, அரிய கலைச் செல்வத்தைத் திரட்டினார்.",False
177,ஐயரவர்கள் தம்முடைய கலைப்பசி அடங்கும் வரை கலைச்செல்வத்தை அள்ளிக் கொண்டார்.,False
178,"இசைப் பயிற்சி ஐயர் பிள்ளையவர்களிடம் பாடம் கேட்டுவந்தபோது, அதே ஊரில் இருந்த கோபால கிருஷ்ண பாரதியாரிடம் இசை பயின்றார்.",False
179,"ஆனால் இசை பயில்வது தமிழ்க்கல்வியை ஆழ்ந்து பயில ஒட்டாமற் செய்துவிடுமெனப் பிள்ளையவர்கள் கூறவே, ஐயர் அதைக் கைவிட்டார்.",False
180,பெயர் சாமிநாதன் ஐயரது இயற் பெயராகிய வேங்கடராமன் என்பதை மாற்றியதும் பிள்ளையவர்களே ஆவார்.,False
181,அவர் ஐயருக்குச் சாமிநாதன் என்றொரு பெயர் இருப்பதை முதலில் அறியார்.,False
182,"அவர் ஒருநாள் ஐயரைப் பார்த்து, உம் வீட்டார் உம்மை அழைப்பது இப்பெயர் கொண்டா?",False
183,எனக் கேட்டார்.,False
184,"ஐயர், வேங்கடராமன் என்பது என் மூதாதையர் பெயராதலின், சாமிநாதன் என்னும் பெயரால்தான் வீட்டார் அழைப்பர்.",False
185,"சாமிநாதன் சாமா எனத் திரிந்து, வீட்டில் அழைக்கும் பெயர் சாமா என்றாயிற்று, என்று கூறினார்.",False
186,அவர் விரும்பியவாறு அப்பெயரே இறுதிவரை ஐயருக்கு நிலைத்து விட்டது.,False
187,ஆசிரியர் செய்த உதவி ஐயர் பிள்ளையவர்களிடம் நெருங்கிப் பழகி அவர் மனம் மகிழும் வண்ணம் நடந்துவந்தார்.,False
188,"ஆதலால் அவர், தம்மை நாடி வந்த செல்வர்கள் பலரிடம் ஐயரை அறிமுகப்படுத்திவைத்தார்.",False
189,"ஆசிரியர் அன்பு பிள்ளையவர்களின் மாணவராகிய தியாகராச செட்டியார், கும்பகோணம் கல்லூரியில் தமிழாசிரியராக இருந்தார்.",False
190,"செட்டியாரும் உடனடியாக ஒரு தமிழாசிரியர் வேலை பார்த்து, அதனை ஏற்றுக்கொள்ளுமாறு ஐயரிடம் கூறினார்.",False
191,"ஆனால் பிள்ளையவர்கள் அது வேண்டாமென்று கூறி, மேலும் சிறிது காலம் தம்மிடம் பயிலுமாறு ஐயருக்குக் கட்டளை யிட்டார்.",False
192,கல்லூரி ஆசிரியர் இத்தறுவாயில் மீனாட்சிசுந்தரம் பிள்ளையவர்கள் காலமானார்.,False
193,"ஐயர் பதவிக்காகக் கல்லூரி சென்றபோது, கல்லூரித் தலைவர் ஒரு செய்யுள் செய்யுமாறு பணித்தார்.",False
194,உடனே ஐயர் ஓர் அழகிய செய்யுளைப் புனைந்து கொடுத்தார்.,False
195,"அச்செய்யுளின் பொருட்செறிவையும் சொல் நயங்களையும் கண்ட அத் தலைவர், உடனே தமிழாசிரியர் பதவியில் ஐயரை அமர்த்தினார்.",False
196,"தமிழ் ஆசிரியர் ஐயர் கல்லூரியில் பதவி ஏற்ற பிறகு, மாணவர்களுடைய அன்பை மிக விரைவில் பெற்றார்.",False
197,கல்லூரியில் மட்டுமன்றி ஐயர் வீட்டிலும் வந்து பலர் பல நூல்களைப் பாடங்கேட்கத் தொடங்கினர்.,False
198,அச்சமயத்தில்தான் ஐயரவர்களுக்கு முதற் குழந்தையாக ஓர் ஆண்மகவு பிறந்தது.,False
199,ஐயர் ஒரு குழந்தைக்குத் தந்தையாகியும் குடும்பப் பொறுப்பை மட்டும் ஏற்றுக்கொள்ளவில்லை.,False
200,அந்தக் கவலை தம் மைந்தருக்குக் கூடாதென்று கருதிய வேங்கட சுப்பையர் குடும்பப் பொறுப்பு முழுவதையும் தாமே ஏற்றுக் கொண்டார்.,False
201,அவர் தம்மிடமிருந்த சீவக சிந்தாமணிப் பிரதி ஒன்றைக் கொடுத்துப் பாடம் கேட்க விரும்பினார்.,False
202,"அதில் பிழைகள் மலிந்திருந்ததை ஐயர் எடுத்துக்காட்டவே, பிழையின்றி அதைப் பதிப்பிக்கத் தாம் பொருளுதவி செய்வதாக அவர் உறுதி கூறினார்.",False
203,அதன் மூலம் ஐயரின் பெயரும் புகழும் தமிழகத்தில் பரவின.,False
204,பூண்டிஅரங்கநாத முதலியார் பூண்டி அரங்கநாத முதலியார் எம்.ஏ.,False
205,தாம் இயற்றிய கச்சிக் கலம்பகத்தைச் சென்னையில் ஐயரைக் கொண்டே அரங்கேற்றுவித்தார்.,False
206,ஆனால் ஐயருடைய தந்தையார் இதற்கிணங்கவில்லை.,False
207,அவர் சமயப்பற்று மிக்கவர் சைவநெறி வழுவாதவர்.,False
208,சைவத் தலமாகிய கும்பகோணத்திலேயே வாழ்ந்திருத்தல் வேண்டு மென்று அவர் விரும்பினார்.,False
209,"தந்தையின் விருப்பத்தை மீறி நடப்பதற்கு விரும்பாத ஐயர், சென்னை போகும் விருப்பத்தை ஒழித்துவிட்டுக் கும்பகோணத்திலேயே இருந்து விட்டார்.",False
210,ஐம்பெருங்காப்பியங்களைப் புத்தக வடிவில் பார்த்துவிட வேண்மென்னும் பேரவாக் கொண்டார்.,False
211,அதற்கேற்பத் தமிழ் நாட்டில் பலரிடமிருந்து அரிய தமிழ் நூல்களையெல்லாம் வெளிப்படுத்துமாறு வேண்டுகோட் கடிதங்கள் வந்தவண்ண மாயிருந்தன.,False
212,இவை ஐயரவர்கட்கு மேன்மேலும் ஊக்கத்தையும் உற்சாகத்தையும் அளித்தன.,False
213,"சிலப்பதிகாரம் வெளியான பிறகு, மீண்டும் ஏட்டுப் பிரதிகளைக் கண்டுபிடித்து இரண்டாண்டுகளில் புறநானூறு நூல் வடிவில் வெளிவருமாறு செய்தார்.",False
214,"மணிமேகலை வெளியீடு புறநானூறு வெளிவந்த நான்காண்டுகள் கழித்து, இல் மணிமேகலை ஒரு நூலாக வெளிப்பட்டது.",False
215,சென்னைக்கு மாற்றம் ஐயரவர்களின் தந்தையார் இல் காலமானார்.,False
216,அதன் பிறகு இரண்டாண்டுகள் வரை ஐயர் கும்பகோணத்திலேயே இருந்தார்.,False
217,கும்பகோணம் கல்லூரியில் ஐயர் திறமை மிக்க தமிழாசிரியர் என்று புகழப் பெற்றார்.,False
218,"கும்பகோணம் கல்லூரியில் ஆண்டுகள் பணி யாற்றிய பிறகு, ஆம் ஆண்டு இறுதியில் ஐயர் சென்னை வந்து சேர்ந்தார்.",False
219,மாகாணக் கல்லூரிப் பேராசிரியர் ஐயர் சென்னை மாகாணக் கல்லூரியிலும் மாணவர் விரும்பிப் போற்றும் ஆசிரியரானார்.,False
220,அந்தக் காலத்தில் ஆங்கிலப் பள்ளிக்கூடங்களில் தமிழும் தமிழாசிரியரும் மதிக்கப்படுவ தில்லை.,False
221,ஐயர் ஆழ்ந்த கல்வியுடையவர் என்பதை அறிந்துகொண்ட மாணவர்கள் அவர்பால் மிகுந்த மரியாதையுடனும் அன்புடனும் நடந்துகொள்ளத் தலைப்பட்டனர்.,False
222,கட்டுரைகளை ஒழுங்காக எழுதாத மாணவர்களை ஐயர் கண்டிப்பது வேடிக்கையாக இருக்கும்.,False
223,என்று ஐயர் கூறினார்.,False
224,"மற்றொரு முறை , தமிழைப் படிப்பதைவிட வடமொழியைப் பயின்றிருக்கலாமே!",False
225,என்று ஒரு மாணவனிடம் கூறினார்.,False
226,"இவ்வாறு அவர்கள் மனத்தில் பதியும் வண்ணமும், சுடுசொற்கள் இல்லாவண்ணமும் கண்டிப்பதில் ஐயர் திறமை மிகுந்தவர்.",False
227,"பலவகைத் தமிழ்த் தொண்டு இவ்வண்ணம் பதினாறு ஆண்டுகள் சென்னை மாகாணக் கல்லூரியில் ஐயரவர்கள் பேராசிரியராயிருந்து, பின்னர் விலகினார்.",False
228,"சென்னைப் பல்கலைக் கழக வித்துவான் தேர்வுக்குழுவின் தலைவராகப் பல ஆண்டுகள் இருந்து, அருந்தொண்டு செய்தார்.",False
229,அவர் எட்டுத்தொகை நூல்களுள் ஒன்றாகிய ஐங்குறுநூறு என்னும் நூலை ஆம் ஆண்டில் வெளிப்படுத்தினார்.,False
230,அதற்கு மறு ஆண்டே பதிற்றுப்பத்து என்னும் பழைய நூல் வெளிவந்தது.,False
231,"அதன் பிறகு, ஐயர் பதினான்கு ஆண்டுகள் கழித்து இல் பரிபாடலை வெளியாக்கினார்.",False
232,பாராட்டுகள் குன்றா முயற்சியும் தளரா ஊக்கமும் கொண்ட ஐயரை அரசாங்கம் பலவகைகளிற் சிறப்பித்தது.,False
233,அவருக்குப் பேராசிரியர் பட்டம் கிடைத்தது பற்றிக் கும்பகோணம் கல்லூரி பாராட்டுக் கூட்டம் நடத்தியது.,False
234,அப்போது அக்கல்லூரியில் தமிழாசிரியராயிருந்த வை.,False
235,சடகோப ராமாநுஜாச்சாரியார் ஐயரை மிகப் பாராட்டிப் பேசினார்.,False
236,தேசியகவி சி.,False
237,சுப்பிரமணிய பாரதியார் வாழ்த்துப்பாக்கள் அனுப்பினார்.,False
238,கவி ரவீந்திர நாத் தாகூர் சென்னை வந்திருந்த சமயத்தில் ஐயரை வீட்டில் வந்து கண்டு பாராட்டிச் சென்றார்.,False
239,ஆசிரியப் பயிற்சிக் கல்லூரி ஐயரவர்கள் ஆம் ஆண்டுத் துவக்கத்தில் தம் பதவியிலிருந்து விலகினார்.,False
240,ஆம் ஆண்டு நிறைவு விழா ஆம் ஆண்டில் ஐயருக்கு வயது நிறைவானது.,False
241,அந்த ஆம் ஆண்டுவிழா சிறப்பாகக் கொண்டாடப்பட்டது.,False
242,சென்னைப் பல்கலைக் கழகம் அவர் தொண்டினைப் பாராட்டி ஒரு தேநீர் விருந்தளித்தது.,False
243,அவ்விழாவில் திருப்பனந்தாள் காசிமடத்துத் தலைவர் அளித்த ஐயரவர்களின் திருவுருவப்படம் செனேட் மண்டபத்தில் திறந்து வைக்கப்பட்டது.,False
244,ஐயரவர் களுடைய தமிழ்த் தொண்டினைப் பாராட்டி ரூபாய்கள் கொண்ட பணமுடிப்பு ஒன்று ஐயரிடம் அளிக்கப்பட்டது.,False
245,புதிய நூல் வெளியீடு அவ் விழாவிற்குப் பிறகும் ஐயர் ஓய்வு பெறவில்லை.,False
246,மீண்டும் ஏட்டுச் சுவடி ஆராய்ச்சியில் இறங்கிக் குறுந்தொகை எனும் அரிய நூலை இல் அச்சிற் பதிப்பித்தார்.,False
247,எண்பது வயதாகியும் இவ்வாறு ஓயாமல் உழைத்துக்கொண்டிருந்த அவருடைய மனவலிமையைப் பாராட்டிச் சென்னைப் பல்கலைக்கழகம் அவருக்கு ரூபாய்கள் கொடுத்துதவியது.,False
248,"அவ்வமயம் ஐயர் திருக்கழுக்குன்றம் சென்று, அங்குள்ள திருவாவடுதுறை மடத்தில் இருந்தார்.",False
249,சென்னையில் இருந்தபோதே தவறி விழுந்து கால் எலும்பு முறிந்து படுத்த படுக்கையினரானார்.,False
250,அவர் ஒரு நாள் அங்குத் திடீரெனத் தம் எண்பத்தெட்டாம் வயதில் காலமானார்.,False
251,அவரது பிரிவைப் பொறாமல் தமிழ்நாடு முழுவதும் வருந்தியது.,False
252,அவரது பிரிவு தமிழ் நாட்டிற்கு ஈடு செய்ய முடியாத பெருநஷ்டமாகும்.,False
253,இம் முயற்சியின் பலனாகச் சில நூல்கள் வெளிவந்துள்ளன.,False
254,இம்முயற்சியை மேற்கொண்டு தம் பொருளில் நடத்தி வருபவர் ஸ்ரீமதி ருக்மணி அருண்டேல் அவர்கள்.,False
255,அவர்களுக்கு நமது நன்றி உரியதாகுக.,False
256,நற்குணங்கள் பலவகைத் தொண்டுகள் டாக்டர் உ.,False
257,சாமிநாதையரவர்கள் முன் சொன்ன தமிழ்ப் பணிகளுடன் பொதுத் தொண்டிலும் ஈடுபட்டுழைத்தார்.,False
258,திருவல்லிக்கேணி நகரக் கூட்டுறவு இயக்கத்தைத் ... துவக்கியவர்களுள் இவரும் ஒருவர்.,False
259,"மதுரைத் தமிழ்ச் சங்கம் துவக்கப்பட்ட நாள் முதல் அதிற் பங்கு கொண்டு, அதன் நிரந்தர உறுப்பினரானார்.",False
260,மேலைச் சிவபுரி சன்மார்க்க சபையினரின் ஆண்டு விழாக் கூட்டங்களில் மும்முறை ஐயர் தலைமை தாங்கிப் பணியாற்றி மகிழ்ந்தார்.,False
261,சென்னையில் திருவள்ளுவர் திருநாள் கொண்டாட்டத்தில் தலைமை வகித்துப் பேசினார்.,False
262,இச்சொற்பொழிவுகள் அனைத்தும் நூல் வடிவில் வெளிவந்துள்ளன.,False
263,"ஐயர் திங்கள், வார இதழ்களில் அரிய பல கட்டுரைகளை வெளியிட்டுவந்தார்.",False
264,தம் சுயசரிதத்தை எழுதினார் ஆனால் அது முடியும் முன்னரே காலமானார்.,False
265,அந்நூல் பிறகு அவர் குமாரரால் முழுவதும் அச்சிடப்பட்டது.,False
266,"பின்னர் அவர் நூலாராய்ச்சி, அதன் பிறகு மாணவர்க்குப் பாடஞ் சொல்லுதல், மாலையில் சரித்திரக் குறிப்புகள் எழுதுதல் போன்றவற்றைக் கவனிப்பார்.",False
267,"இடையிடையே தம்மைத் தேடிக்கொண்டு வருபவர்களை வரவேற்று, அளவளாவிப் பேசி மகிழ்வூட்டி அனுப்பி வைப்பார்.",False
268,இவ்வாறே ஒவ்வொரு நாளிலும் ஒரு நிமிட நேரத்தையும் வீணாக்காமல் ஐயர் தொண்டாற்றிவந்தார்.,False
269,அடக்கம் உடையவர் ஐயர் மிகச் சிறு வயதிலிருந்தே நற்குண நல்லொழுக் கங்களைக் கடைப்பிடித்துவந்தார்.,False
270,எவரிடத்தும் கடுகடுத்துப் பேசும் வழக்கம் அவரிடம் இல்லை.,False
271,அடக்கம் அமரருள் உய்க்கும் என்பதைத் தம் வாழ்வில் மெய்ப்பித்துக் காட்டியவர் ஐயர் எனலாம்.,False
272,தம் தந்தையிடம் ஐயருக்கிருந்த அன்பும் பற்றும் அளவிட்டு உரைக்க கூடியன அல்ல.,False
273,ஐயர் பெற்றோரிடம் பேரன்பு பூண்டவர்.,False
274,தமிழ்ப் பற்று தமிழை அனைவரும் படிக்கவேண்டும் என்று தூண்டு வதில் ஐயரவர்கள் முன்னணியில் இருந்தார்.,False
275,தமிழ் மணம் எங்கும் வீசவேண்டும் என்பது அவரது பேரவா.,False
276,ஐயரவர்கள் தமிழ் கற்பிக்கும்போது ஒரு சிறு செய்தியையும் விடாமல் கூறுவார்.,False
277,"இலக்கியங்களை எடுத்துக் கொண்டால், பாட்டை இசையுடன் படிக்கச் சொல்லுவார் தக்க இசையுடன் படித்துக் காட்டுவார்.",False
278,தமிழக்காக வாழ்ந்தார் ஐயரவர்கள் தமிழ் வாழ்வு வாழ்ந்தார்.,False
279,சென்னை அறிஞர்கள் ஐயரவர்களின் உருவச்சிலை ஒன்றைச் சென்னை மாகாணக் கல்லூரியின் முகப்பில் வைத்துச் சிறப்பித்துள்ளனர்.,False
280,அவருடைய திருவுருவப் படங்கள் சென்னைப் பல்கலைக்கழகச் செனேட் மண்டபத்திலும் கும்பகோணம் கல்லூரி மண்டபத்திலும் காட்சி அளிக்கின்றன.,False
281,தமிழ் படித்தவர் ஐயர் பதிப்பித்த நூல்களைப் படியாமல் இருத்தல் இயலாது.,False
282,"எனவே, தமிழ் படித்தவர் ஐயரை மறக்கவே முடியாது.",False
283,தமிழ் இலக்கியம் உள்ள அளவும் ஐயரது பெயரும் புகழும் தமிழ்நாட்டில் இருக்கும் என்பது உறுதி.,False
284,வாழ்க ஐயரது தமிழ்த் தொண்டு!,False
285,சதாவதானி செய்குதம்பிப் பாவலர் கி.,False
286,இளமையும் கல்வியும் நாஞ்சில் நாட்டுத் தமிழர் நாஞ்சில் நாடு சங்க காலத்திலிருந்தே தமிழ் வளம் குன்றாத நாடாக இருந்துவருகிறது.,False
287,அத்தமிழருள் புலமை மிக்கார் பலர் இருந்தனர் இன்றும் இருந்துவருகின்றனர்.,False
288,முன்னர் இருந்து மறைந்த பெரும்புலவருள் சிறந்தவரே பேராசிரியர் சுந்தரம் பிள்ளை அவர்கள்.,False
289,இந்த நூற்றாண்டுப் புலவருள் சிறந்தவர் மூவர்.,False
290,அவருள் ஒருவர் இசைச் செல்வர் இலக்குமணப் பிள்ளை மற்றொருவர் கவிமணி தேசிகவிநாயகம் பிள்ளை பிறிதொருவர் சதாவதானிசெய்குதம்பிப் பாவலர்.,False
291,முலிம் தமிழ்ப் புலவர்கள் நம் தமிழ்நாட்டு முலிம்கள் யார்?,False
292,அவர்கள் தமிழரே.,False
293,இலாத்தைத் தழுவியவர்.,False
294,அவர்கள் பிறந்தது முதல் இறக்கும் வரை தமிழையே தாய் மொழியாகக் கொண்டவர்.,False
295,ஆதலின் அவர்கள் தங்கள் தாய் மொழியாகிய தமிழின் வளர்ச்சியில் கருத்துக் கொண்டவரே யாவர்.,False
296,"தமிழ் நூல்கள் நெடுங்காலமாக இந்து சமயத் தொடர்புடையனவாக இருந்து வந்தமையால், முலிம்கள் அந்த நூல்களை மிகுதியாய்க் கற்க வாய்ப்பில்லை.",False
297,அங்ஙனம் இருந்தும் முலிம்கள் சிலர் எல்லாத் தமிழ் நூல்களையும் கற்றுப் பெரும் புலவராய்த் திகழ்ந்தனர்.,False
298,அவருள் தலைசிறந்தவர் எட்டயபுரத்தரசரது அவைப் புலவராயிருந்த உமறுப் புலவர் என்பவர்.,False
299,அவர் நபி நாயகம் அவர்களின் வரலாற்றைக் காவியமாகப் பாடி அழியாப் புகழ் பெற்றவர்.,False
300,அவருக்குப்பின் திருச்சிராப்பள்ளியில் பிச்சைஇப்ராஹீம் புலவர் என்பவர் சிறந்திருந்தார்.,False
301,"மதுரை மாவட்டத்து உத்தமபாளையம், போடிநாயக்கனூர் முதலிய இடங்களில் முலிம் புலவர் சிலர் இருக்கின்றனர்.",False
302,இந்த நூற்றாண்டு முலிம் புலவருள் குறிப்பிடத் தக்க பெருமையுடையவர் நமது செய்குதம்பிப் பாவலர் என்றால் மிகையாகாது.,False
303,பாவலர் பெற்றோர் நாஞ்சில் நாட்டின் கோநகரமாக விளங்குவது நாகர் கோவில்.,False
304,அதனையடுத்துள்ளது கோட்டாறு என்னும் சிற்றூர்.,False
305,அதனையடுத்த இலங்கடை என்னும் ஊரே நமது பாவலர் பிறந்த பதியாகும்.,False
306,அப்பதியில் வாழ்ந்த பக்கீர் மீரான் சாகிப் என்பவருக்கு ஐந்தாம் மகனாராய்ப் பிறந்தவர் நமது பாவலர்.,False
307,அவர் தாயார் சமய ஒழுக்கத்தில் பெயர் பெற்ற குடும்பத்தைச் சேர்ந்தவர்.,False
308,தந்தையாரும் தாயாரும் குணச்சிறப்புப் பெற்றவரே அன்றிப் பணச் சிறப்புப் பெற்றவரல்லர்.,False
309,"சுருங்கக் கூறின், அவர் பள்ளியில் சேர்க்கப்படுமுன்னரே, இவன் கல்வியில் கருத்துடையவன் என்னும் எண்ணத்தைத் தம் பெற்றோர்க்கு உணர்த்திவிட்டார் எனலாம்.",False
310,அவர் ஐந்து வயதில் தம் சமூக வழக்கப்படி குர்ஆன் கற்க அனுப்பப்பட்டார்.,False
311,அவர் மூன்றாண்டுகள் சமயக் கல்வியைக் கற்ற பிறகு எட்டாம் ஆண்டில் தொடக்கப் பள்ளியில் சேர்ந்தார்.,False
312,எட்டு வயதுடைய அவர் அரை வகுப்பில் சேர்க்கப்பட்டார்.,False
313,ஆயின் அவரது அறிவு நுட்பத்தைக் கண்ட தலைமையாசிரியர் இருபது நாட்களில் அவரை முதல் வகுப்புக்கு மாற்றினார்.,False
314,ஒரு திங்கள் கழித்து அவரை இரண்டாம் வகுப்புக்கு மாற்றினார்.,False
315,பின்னர்ச் சில மாதங்களில் நான்காம் வகுப்பிற்கு மாற்றினார்.,False
316,பாவலர் அடுத்த ஆண்டு ஐந்தாம் வகுப்பிற் சேர்ந்து படித்துத் தேர்வில் சிறந்து விளங்கினார்.,False
317,வறுமையும் வாட்டமும் மேற்கல்வி கற்க ஆர்வம் கொண்ட பாவலரை வேறு பள்ளிக்கனுப்பிப் படிக்கவைக்கப் பெற்றோரிடம் பண வசதியில்லை.,False
318,என்று பெற்றோர் துடித்தனர்.,False
319,முடிவு யாது?,False
320,பாவலர் தம் தந்தையாருடன் நெசவுத் தொழிலில் ஈடுபட்டார்.,False
321,ஆயினும் அவர் உள்ளம் கல்வி கற்பதிலேயே அவாவி நின்றது.,False
322,புலவர் சங்கரநாராயணர் சங்கரநாராயணர் என்ற பெயருடைய ஆசிரியர் ஒருவர் இளங்கடையில் வாழ்ந்துவந்தார்.,False
323,அவர் அக்காலத்தில் வாழ்ந்த பெரும் புலவருள் ஒருவர்.,False
324,அப்பெரியார் நன்னூல் முதலிய தமிழ் இலக்கண நூல்களையும் கம்பராமாயணம் முதலிய இலக்கிய நூல்களையும் நன்கு படித்தவர்.,False
325,மாணவர் பலர் அவ்வாசிரியரிடம் தமிழ்க் கல்வி பயின்றுவந்தனர்.,False
326,புலவர் பெருந்தன்மை பாவலரும் வேறு சில மாணவரும் சங்கர நாராயணரிடம் தமிழ் பாடம் கேட்க விரும்பினர்.,False
327,புலவர் அவர்களது விருப்பத்திற்கு இசைந்தார் மாணவர்கள் நன்னாளில் ஆசிரியர் திருமுன்னர் கூடினர்.,False
328,பாடம் தொடங்குமுன் அவரவர் ஆசிரியர்க்குத் தரவேண்டிய காணிக்கையை வெற்றிலையில் வைத்து மடித்துக் கொடுத்தார்.,False
329,"நமது பாவலர் வறுமைவாய்ப் பட்டவராகலின், எட்டணாவை வெற்றிலையில் வைத்துக் கொடுத்தார்.",False
330,ஆசிரியர் அதனை மட்டும் தனியே வைத்துவிட்டுப் பாடம் தொடங்கினார்.,False
331,பாடம் முடிந்த பின்னர் ஆசிரியர் பாவலரை மட்டும் நிறுத்திக்கொண்டு மற்ற மாணவரை அனுப்பிவிட்டார்.,False
332,அவர் தமது எட்டணாக் காணிக்கையை ஏற்காது தம்மை விரட்டி விடுவாரோ என்று பாவலர் கண்கலங்கினார்.,False
333,அவ்வமயம் புலவர் பாவலர் கொடுத்த வெற்றிலையை எட்டணாவுடன் பாவலரிடம் நீட்டினார்.,False
334,"அது கண்ட பாவலர் கண்கலங்கி நின்று, ஆசிரியர் அவர்களே, அடியேன் ஏழைக் குடும்பத்தைச் சேர்ந்தவன்.",False
335,நான் பல நாள் பாடுபட்டு இந்த எட்டணாவைச் சேர்த்தேன்.,False
336,"எனது காணிக்கை குறைவானதென்று கருதி, என்னைப் புறக்கணிக்கலாகாது என்று கூறி வேண்டினார்.",False
337,"புலவர் நகைத்து, தம்பீ, நீ கொடுத்ததை நான் ஏற்றுக் கொண்டேன்.",False
338,நான் இப்பொழுது உனக்கு அதனைத் தருகின்றேன் ஏற்றுக்கொள்.,False
339,நீ தவறாது வந்து படி உன் அவா அடங்கும் வரை வந்து படி.,False
340,இன்று இல்லாவிடினும் எதிர்காலத்தில் உன்னிடம் நான் காணிக்கை பெறுவேன்.,False
341,நீ கவனத்துடன் படி என்று நன்மொழி கூறினார்.,False
342,மாணவர் புலவரது பெருந்தன்மையைப் பாராட்டி அவரிடம் விடைபெற்றுச் சென்றார்.,False
343,தமிழிற் புலமை புலவர் ஒருநாள் கற்பித்த பாடங்களைப் பாவலர் மறுநாள் ஒப்பிக்கலானார்.,False
344,"ஏனைய மாணவரினும் பாவலர் சிறந்து நின்றதைக் கண்ட புலவர் மனம், பாவலர் நன்மையில் நாட்டங் கொண்டது.",False
345,புலவர் பாவலரிடம் மிக்க அன்பு காட்டலானார்.,False
346,பாவலர் நீர் வேட்கை கொண்டவரைப் போலத் தமிழ்க்கடல் நீரைப் பருகலானார்.,False
347,"நன்னூல், இலக்கண விளக்கம், தொல் காப்பியம் முதலிய இலக்கண நூல்களை நன்கு பயின்றார்.",False
348,"நாலடியார், திருக்குறள் போன்ற அறநூல்களைப் பாடங் கேட்டார்.",False
349,"கம்பராமாயணம், பெரியபுராணம், பாரதம் போன்ற பெருங்காவியங்களைக் கற்றார்.",False
350,பேச்சாற்றல் பலர் நன்றாய்ப் படித்திருப்பார்கள் பேச அறியார்கள்.,False
351,பலர் திறம்படப் பேசுவர் நன்கு பயின்றிலர்.,False
352,சிலர் நன்றாய்ப் படித்திருப்பர் நன்கு பேசுவர் ஆயின் எழுதுவதில் சுவை யற்றிருப்பர்.,False
353,இம்மூன்றிலும் வல்லமை பெற்றவர் மிகச் சிலரே யாவர்.,False
354,நமது பாவலர் இச்சிலருள் ஒருவராவர்.,False
355,அவர் பல நூல்களை நன்றாய்ப் படித்தவர் கடல்மடை திறந்தாற் போலப் பேசும் ஆற்றல் பெற்றவர் திறம்பட எழுதுவதிலும் வல்லவர்.,False
356,அவர் தம் பதினைந்தாம் வயதிலேயே நன்றாய்ப் பேச வல்லவர் எனப் பெயர் பெற்றார்.,False
357,ஆயினும் அவை பாக்கள் எனப் பாராட்டுப் பெறும்.,False
358,வேறோரு வகையினர் இலக்கண வரம்புக்கு உட்பட்டுப் பாடுவர் பாக்கள் சொற்செறிவும் பொருட் செறிவும் பெற்றிருக்கும்.,False
359,அவை மொழி வளர்ச்சிக்கேற்ற இலக்கிய வரிசையிற் சேர்க்கத் தக்கவை.,False
360,இத்தகைய பாக்களைப் பாடுவதில் நமது பாவலர் வல்லவர்.,False
361,"அவர் தமது பதினைந்தாம் வயதிலேயே அந்தாதி, பிள்ளைத் தமிழ் முதலிய பிரபந்தங்களும், பலவகைச் சித்திரக்கவிகளும் பாடினார்.",False
362,"அவற்றுள் இன்று அச்சாகி யுள்ளவை திருநாகூர்த் திருவந்தாதி, திருக்கோட்டாற்றுப் பதிற்றுப்பத்தந்தாதி என்பன.",False
363,"நிரம்பிய இலக்கணஇலக்கியப் புலமையுடன் பாடிய கவிகள் ஆதலின் அவை, தமிழன்னையின் தமிழ்த் தோட்டத்தில் வாடா மலர்களாய்க் காட்சி அளிக்கின்றன.",False
364,அவர் அங்குத் தங்கியிருந்த பொழுது ஸ்ரீபத்மநாப விலாசம் என்னும் அச்சகத்தின் உரிமையாளரான இட்டாபார்த்தசாரதி நாயுடு என்பவரது நட்புக் கிடைத்தது.,False
365,நாயுடு தமிழில் மிக்க ஈடுபாடு உடையவர் புலவர்களுடன் பொழுது போக்குவதில் பெருமகிழ்ச்சி கொண்டவர்.,False
366,அவர் தம்மிடம் காட்டிய அன்பினைப் பாராட்டிப் பாவலர் சென்னையில் தங்க இசைந்தார்.,False
367,பிழையற்ற நூல்கள் நாயுடுவின் அச்சகத்தில் அச்சான நூல்கள் பல.,False
368,"அவை இலக்கண நூல்கள், இதிகாச நூல்கள், புராண நூல்கள், நிகண்டுகள் எனப் பலதிறப்பட்டவை.",False
369,அவற்றைப் பார்க்கப் புலவர் பலர் அச்சகத்தில் நியமனம் பெற்றிருந்தனர்.,False
370,அவர்கள் அனைவருக்கும் மேலாகப் பாவலர் இருந்தார்.,False
371,"செய்யுட்களைச் சீர் பிரித்து எழுதுதல், அச்சிடுதல் என்பன சிரமமான வேலை.",False
372,யாப்பிலக்கணத்தைப் படித்தவரே அவற்றைச் செய்ய முடியும்.,False
373,பாவலர் அவற்றைத் திறம்படச் செய்துவந்தார்.,False
374,நாயுடு அடைந்த மகிழ்ச்சிக்கு அளவில்லை.,False
375,அவர் பாவலர் சொற்படி நூல்களைப் பதிப்பித்துவந்தார்.,False
376,அருட்பாமருட்பா பூசல் பாவலர் இங்ஙனம் தமிழ்ப்பணி ஆற்றிவந்த பொழுது சென்னை மாநகரில் புலவர்க்குள் பூசல் ஒன்று தோன்றியது.,False
377,இராமலிங்க அடிகள் பாடிய ஆறாயிரத்திற்கு மேற்பட்ட பாடல்கள் அருட்பா என்னும் பெயர் கொண்ட நூலாக வெளிவந்தன.,False
378,அந்நூல் அருட்பா அன்று அடிகளுடைய பாக்கள் அருட்பாக்கள் அல்ல அவை மருட்பாக்களே ஆகும்.,False
379,ஆகையால் நூலுக்கு மருட்பா என்று பெயரிடுதலே ஏற்புடையது என்று ஒருசார் புலவர்கள் கொதித்தெழுந்தனர்.,False
380,அருட்பாக் கட்சியினர்க்கு அடிகளார் மாணவரான தொழுவூர் வேலாயுத முதலியார் தலைவராக விளங்கினார்.,False
381,மருட்பாக் கட்சியினர்க்கு யாழ்ப்பாணத்துக் கதிரைவேற் பிள்ளை என்பவர் தலைவரானார்.,False
382,இருதிறத்தாரும் பெரும் புலவர்கள் தத்தம் காரணங்களை விளக்கிப் பல கூட்டங்களிற் பேசினர் துண்டு வெளியீடுகள் விடுத்தனர்.,False
383,வரவர இரண்டு கட்சிகளும் நெருங்கிப் பூசலிடத் தொடங்கின.,False
384,மருட்பாக் கட்சியினர் அடிகள் நூலுக்கு அருட்பா என்று பெயரிடலாகாது என்று வழக்குத் தொடுத்தனர்.,False
385,இஃது அன்பு ஒன்றையே அடிப்படையாகக் கொண்டு எழுந்த நூல்.,False
386,"இந்நூல் அருட்பா என்னும் பெயருடன் இருத்தலே ஏற்புடையது, என்ற முடிவுக்கு வந்தார்.",False
387,"ஆதலால் அவர், தாம் முலிம் என்பதையும் மறந்து, தமிழன் என்ற முறையில் சொற்போரிற் குதித்தார்.",False
388,"பொது மக்களாகிய நீங்களே முடிவு கூறுங்கள், என்று நயம்பட நவின்றார்.",False
389,பாவலரது கட்சி நாள்தோறும் வலுப்பெற்று வந்தது.,False
390,அதனா ல் மருட்பாக் கட்சியினர் தம் கிளர்ச்சியை விட்டொழித்தனர்.,False
391,அருட்பாவிற்காக வாதிட்டு வென்ற பாவலர் புகழ் சென்னையில் மட்டுமின்றித் தமிழகம் முழுவதும் பரவியது.,False
392,அவர்கள் நாடோறும் பாவலரைக் கண்டு அளவளாவுதல் செய்தனர்.,False
393,அப் புலவருள் காஞ்சிபுரம் மஹாவித்தவான் இராமசாமி நாயுடு என்பவர் ஒருவர்.,False
394,அப்பெரியார் சென்னை வண்ணாரப் பேட்டையில் குடியிருந்தார்.,False
395,உத்தியோகதரும் வணிகரும் பிறருமாகக் பலர் அவரிடம் தமிழ்ப் பாடம் கேட்டுவந்தனர்.,False
396,அவரிடம் கல்வி கற்றுப் பெரும் புலவரானவர் பலர்.,False
397,அப்பெரியார் கம்ப ராமாணயத்திற்கு முதலில் உரை வரைந்து புகழ் பெற்றவர்.,False
398,அப்பெரியார் பாவலருக்கு உயிர் நண்பரானார்.,False
399,பாவலர் சென்னையில் வாழ்ந்த காலத்தில் சென்னையில் பெரும்புலவர் பலர் இருந்தனர்.,False
400,அவருள் டாக்டர் உ.,False
401,"சாமி நாதையர், பூண்டி அரங்கநாத முதலியார், கா.",False
402,"நமச்சிவாய முதலியார், அஷ்டாவதானம்பூவைகலியாண சுந்திர முதலியார், திருமயிலை வித்துவான் சண்முகம் பிள்ளை முதலியோர் குறிப் பிடத்தக்கவர் ஆவர்.",False
403,பாவலர் இப்பெரியார்களை அடிக்கடி சந்தித்துப் பேசிவந்தார் இப்பெரியார்களுடைய சொற்பொழிவு களைக் கேட்டு மகிழ்ந்தார்.,False
404,இப்பெரியார்களும் பாவலருடைய நற்பண்புகளிலும் புலமையிலும் ஈடுபட்டுப் பழகினர்.,False
405,கற்றாரைக் கற்றாரே காமுறுவர் என்பது ஆன்றோர் அநுபவ வாக்கன்றோ?,False
406,அவருள் மதுரை மாவட்டத்து முதுகுளத்தூரைச் சேர்ந்த கலியாணசுந்தரம் பிள்ளை ஒருவர்.,False
407,அவர் சிறந்த தமிழ் அறிஞர் செய்யுள் செய்தலில் சமர்த்தர்.,False
408,அவருக்கு அவதானம் செய்யவும் தெரிந்திருந்தது.,False
409,"அவதானம் என்பது, மனத்தில் நினைவுறுத்திக் கொள்ளல் ஆகும்.",False
410,பத்துவிதக் கேள்விகட்கு விடையளித்தல் தசாவதானம் எனப்படும்.,False
411,நூறு விதக் கேள்விகளையும் மனத்தில் நினைவுறுத்தி விடைகூறுதல் சதாவதானம் எனப் படும்.,False
412,இதற்கு மிகுந்த நினைவாற்றல் வேண்டும்.,False
413,அவதானத்தில் சோதனை பாவலர் அவதானத்தில் நட்பிக்கையற்றவர்.,False
414,அது புரட்டு நிறைந்தது என்பது அவர் கருத்து.,False
415,"அதனால் அவர், கலியாணசுந்தரம் பிள்ளை தமக்கு அவதானம் தெரியும் என்றபோது நம்பவில்லை அவநம்பிக்கையோடு பேசினார்.",False
416,"அதனால் வருத்தம் கொண்ட பிள்ளையவர்கள், நான் கூறுவது உண்மை.",False
417,"நான் அவதானம் செய்து காட்டுவேன், என்றார்.",False
418,பாவலர் மறுநாள் பகலில் இரண்டு மணிக்கு அவரை வருமாறு கூறினார்.,False
419,அடுத்த நாள் குறிப்பிட்ட நேரத்தில் பிள்ளையவர்கள் வந்தார்.,False
420,பாவலர் தம் நண்பர் ஒருவருடனும் பிள்ளையவர் களுடனும் அச்சகத்தின் மாடிக்குச் சென்றனர்.,False
421,"அவதானியும் தமக்குத் தரப்படும் எழுத்துக்களைத் தம் மனத்தில் இருத்தி, இறுதியில் சேர்த்துக் கூறிவிடுவர்.",False
422,அவர் கூறிய பாட்டுப் பாவலர் இயற்றிய பாட்டே என்பதைப் பாவலரும் அவரது நண்பரும் கண்டு பெருவியப்புக் கொண்டனர்.,False
423,பிள்ளையவர்கள் நகைத்தனர்.,False
424,பாவலர் அவதானம் செய்தல் அப்பொழுது மாடியின் கதவு தட்டப்படும் ஓசைகேட்டது.,False
425,"கதவு திறக்கப்பட்டதும், அச்சகமுதலாளியின் மகனாரும் அலுவலர் சிலரும் உள்நுழைந்தனர்.",False
426,"அவர்கள், இங்கு என்ன நடந்தது?",False
427,"எங்களுக்கும் செய்துகாட்டுங்கள், என்று ஆவலுடன் கூறினர்.",False
428,"அவ்வமயம் பிள்ளையவர்கள் நடந்ததை விரிவாய்க் கூறி, அதை மற்றொரு முறை செய்து காட்ட ஒப்புக்கொண்டார்.",False
429,"வந்தவர்கள், பாவலர் முன்னர்ச் செய்தபடி செய்தனர்.",False
430,"அப்பொழுது பாவலர் பிள்ளையவர்களைப் பார்த்து, இதற்கு நீங்கள் விடை கூறுகின்றீர்களா?",False
431,நான் கூறட்டுமா?,False
432,என்று கேட்டார்.,False
433,"உடனே பிள்ளையவர்கள், நீங்களும் சொல்வீர் களோ?",False
434,"என்று கேட்க, இதோ சொல்லுகிறேன், என்று கூறி விடையைக் கூறினார்.",False
435,அதுகேட்ட அனைவரும் வியப்புற்றனர் பிள்ளையவர்கள் சொல்லொணா வியப்படைந்தார்.,False
436,பாவலர் அன்றுமுதல் நாள்தோறும் தம் அலுவலகத்தில் அவதானம் செய்து வரலானார் அதனால் அவதானத்தில் தேர்ச்சி மிக்கவரானார்.,False
437,நான் உனது குருபக்தியைப் பெரிதும் பாராட்டுகிறேன்.,False
438,"நீ நலம் பெற்று வாழ்வாயாக, என்று உளமார வாழ்த்தினர் சென்னை வாழ்க்கையை விசாரித்தனர்.",False
439,அப்பொழுது பாவலர் தமக்கு அவதானம் செய்யத் தெரியும் என்பதைப் பணிவுடன் குறிப்பிட்டார்.,False
440,"ஆசிரியர் மிக்க வியப்புற்று, நான் அதனைப் பார்க்கவேண்டும், நான் அதனைப் பார்க்கவேண்டும், என்றார்.",False
441,சோடசாவதானம் செய்தல் பாவலர்க்கு அவதானம் செய்யத் தெரியும் என்ற செய்தி கோட்டாற்றிலும் சுற்றுப்புறங்களிலும் காற்றாய்ப் பறந்தது.,False
442,முலிம் பெருமக்கள் அதனைக் காண விரும்பினர்.,False
443,ஒரு நாள் இலாமிய மதகுரு ஒருவரது தலைமையில் பள்ளிவாசல் முன் அறிஞர் கூட்டம் ஒன்று கூடியது.,False
444,குறித்த நேரத்தில் அவதானம் தொடங்கிற்று.,False
445,பாவலர் அவதானம் என்பது பற்றி விளக்கமாய்ப் பேசிச் சோடச பதினாறு அவதானத்தைப் பற்றி விளக்கினார்.,False
446,உடனே வரிசைக்கு எட்டுப்பேராய் இரண்டு வரிசைகளில் பதினாறு அறிஞர்கள் உட்கார்ந்து பாவலரைச் சோதித்தனர்.,False
447,"பாவலர் கூட்டத்தில் உலவிக்கொண்டே ஒவ்வொருவர் கூறியவற்றையும் மனத்தில் இருத்திக்கொண்டார் பதினாறு பேரும் கூறி முடித்தபின், ஒவ்வொருவர்க்கும் தனித்தனியே விடையளித்தார்.",False
448,அனைவரும் வியப்பும் களிப்பும் அடைந்தனர்.,False
449,அன்று அவருக்கு அளிக்கப்பட்ட ஆடைகள் பல.,False
450,நாஞ்சில் நாட்டு மக்கள் அன்று அடைந்த மகிழ்ச்சிக்கு எல்லை இல்லை.,False
451,சென்னையில் சதாவதானம் செய்தல் சோடசாவதானியாகிய பாவலர் சில நாட்கள் கழித்துச் சென்னை மீண்டார்.,False
452,அவர் சென்னை மீள்வதற்கு முன்னரே கோட்டாற்றில் செய்த சோட சாவதானத்தைப் பற்றிய விவரங்கள் அச்சக முதலாளிக்கு எட்டிவிட்டன.,False
453,"நீங்கள் மறுத்தல் ஆகாது, என்று கூறினார்.",False
454,மறுக்க வழியின்றிப் பாவலர் ஒப்புக்கொண்டார்.,False
455,உடனே சதாவதான அறிக்கைத் தாள்கள் ஆயிரக் கணக்கில் அச்சிடப் பட்டுச் சென்னை மாநகரில் கொடுக்கப்பட்டன.,False
456,சதாவதானம் என்பது மிகவும் கடினமானது.,False
457,பாவலரைச் சோதிக்க வரிசைக்கு ஐம்பது பேர் வீதம் உட்கார்ந்துகொண்டனர்.,False
458,கேள்விகள் தொடங்கின.,False
459,இவற்றுக்கிடையே கண்டப் பத்திரிகையாகக் கொடுக்கப்பட்ட எழுத்துக்களை அவ்வப் போது கேட்டுக்கொண்டார் பிழையின்றி விடையளித்தார்.,False
460,இச்சோதனைகளுடன் ஈற்றடி கொடுத்துச் செய்யுள் இயற்றும் சோதனையும் தரப்பட்டது.,False
461,விராடனையே பெண்ணெனலாமே மாமனுக்குக் கந்தன் மகன் இவ்விரண்டையும் ஈற்றடிகளாய்க் கொண்ட இரண்டு வெண்பாக்கள் பாடவேண்டும்.,False
462,பாவலர் இரண்டு வெண்பாக்களைப் பாடிக்காட்டினார்.,False
463,அதனைக் கொடுத்தவர் அப்பொழுது மாணவராயிருந்த இன்றைய ரசிகமணி டி.,False
464,சிதம்பரநாத முதலியார்.,False
465,"அவர், கண்டப்பத்திரிகைக்கு விடை யெங்கே?",False
466,உடனே பாவலர் அதற்கும் விடை அளித்தார்.,False
467,அவையோர் அடைந்த மகிழ்ச்சிக்கு எல்லையே இல்லை.,False
468,அன்றைய இந்த நிகழ்ச்சிகள் அனைத்தும் சதாவதானச் சிறப்பு என்னும் சிறு நூலாக வெளிவந்தது.,False
469,"அன்று முதல் பாவலர், சதாவதானி செய்குதம்பிப் பாவலர் என்று மக்களால் அழைக்கப்பட்டார்.",False
470,பாவலருடைய புகழ் தமிழகம் முழுவதும் பரவியது.,False
471,இல்லற வாழ்க்கையும் தமிழ்த் தொண்டும் திருமணம் பாவலர் ஆம் ஆண்டின் இறுதியில் தம் சொந்த ஊருக்குத் திரும்பினர்.,False
472,அப்பொழுது அவருக்குத் திருமணம் ஏற்பாடாகியிருந்தது.,False
473,பாவலரது திருமணத்திற்குத் தமிழ் நாட்டின் பல ஊர்களிலிருந்தும் புலவர்களும் நண்பர்களும் வந்திருந்தனர்.,False
474,திருமணத்தன்று வெளியூர் நண்பர் சிலர் வாழ்த்துச் செய்திகள் அனுப்பினர் பலர் பரிசுகள் அனுப்பினர்.,False
475,நண்பர்களும் உறவினர்களும் சூழ்ந்திருந்த நன்னாளில் திருமணம் திருவுடன் நடந்தேறியது.,False
476,அதற்குப் பிறகு அவர் சென்னை செல்ல இயலவில்லை.,False
477,இல்லற வாழ்க்கை பாவலர் இல்லற வாழ்க்கையில் ஈடுபட்டார்.,False
478,ஆதலின் அவ்வம்மையார் தம் கணவர் மனம் மகிழுமாறு நடந்துவந்தார்.,False
479,அவருடைய நல்லியல்புகளைக் கண்ட பாவலர் மட்டற்ற மகிழ்ச்சி அடைந்தார்.,False
480,காதலர் இருவரும் கருத்தொருமித்து இல்லறத்தை இனிதே நடத்த லாயினர்.,False
481,ஊற்றார் உறவினரும் நண்பர்களும் பாவலரை இளங்கடையிலேயே தங்கிவிடுமாறு வற்புறுத்தினர்.,False
482,ஏதேனும் ஒரு தொழில் செய்யப் பொருள் வழங்குவதாகச் சிலர் முன்வந்தனர்.,False
483,பாவலரிடம் பாடம் கேட்க வேண்டும் என்னும் நோக்கத்துடன் பலர் அவரைக் தங்கிவிடுமாறு வற்புறுத்தினர்.,False
484,சிலர் பொருள் உதவி செய்து நூல்கடை ஒன்று வைத்துக் கொடுத்தனர்.,False
485,பொது மக்கள் ஆர்வத்தைக் கண்ட பாவலர் தம்மூரிலேயே தங்கத் தீர்மானித்துத் தொழிலை நடத்தலானார்.,False
486,பாடம் கற்பிக்கும் சிறப்பு நூல்கடை வாணிக நேரம் போக எஞ்சிய நேரங்களில் பலர் போந்து பாவலரிடம் பாடம் கேட்கலாயினர்.,False
487,பாவலர் கற்பிக்கும் ஆற்றல் மிக்கவர்.,False
488,"அவரிடம் கல்வி கற்றபின் கடைமாணாக்கரும் முதல் மாணவராவர், என்று பாவலரைப் பாராட்டுவோர் இன்றும் கூறுவது வழக்கம்.",False
489,அவரது நூல் கடையில் கணக்கப் பிள்ளையாக இருந்த ஒருவர் அவரிடம் தமிழைக் கற்றுச் சொடசாவதானியாகவும் சமய விரிவுரையாளராகவும் ஆயினார்.,False
490,இன்று நாஞ்சில் நாட்டிலுள்ள புலவர் பலர் பாவலருடைய மாணவர்களே யாவர்.,False
491,பாடம் சொல்லுதலே தமிழை வளர்க்க விரும்புவோர் மேற்கொள்ளும் சிறந்த தொண்டாகும் என்று டாக்டர் உ.,False
492,சாமிநாதையர் அவர்கள் கூறுவது வழக்கம்.,False
493,அக்கூற்றைச் செயலளவில் செய்து காட்டியவர் சிலரேயாவர்.,False
494,அச்சிலருள் நமது பாவலர் ஒருவர்.,False
495,சிறந்த தமிழ்த் தொண்டு தமிழ் நூல்களைப் பிறருக்குக் கற்பிப்பதால் பலரும் தமிழின் அருமை பெருமைகளை உள்ளவாறு உணர்கிறார்கள்.,False
496,அங்ஙனம் உணர்ந்து தமிழ்ப் புலமை பெறுபவர் பலருக்குத் தமிழ் நூல்களைக் கற்பிப்பர்.,False
497,இத்தொண்டினால் நாட்டில் தமிழறிந்தார் தொகை மிகுதிப்படும்.,False
498,"தமிழ் படித்தவர் தொகை மிகுதிப்படின், தாய்மொழியின் சிறப்பும் பழமையும் பலராலும் பாராட்டப்படும் தாய்மொழி அப் பலராலும் வளர்ச்சி பெறும்.",False
499,ஆதலின் அத்தகைய சிறந்த தொண்டினைச் செய்தலே ஏற்றது எனக் கருதியே பண்டைப் புலவர்கள் பாடம் சொல்லும் தொழிலை மேற்கொண்டிருந்தனர்.,False
500,மஹா வித்துவான் மீனாட்சிசுந்தரம் பிள்ளையவர்களிடம் பாடம் கேட்டார் பலர்.,False
501,அப்பலரால் தமிழிலக்கியம் வளம் பெற்றது.,False
502,இவ்வாறே ஒவ்வோர் ஆசிரியரிடமும் பயின்ற மாணவர்களால் மொழி வளர்ச்சி பெற்றது.,False
503,ஒரு மரத்திலிருந்து பல கிளைகள் தோன்றுதல் போல ஓராசிரியரிடமிருந்து மாணவர் பலர் தோன்றுகின்றனர்.,False
504,"அந்தப் பலரும் ஆசிரியர்களாக மாறின், அவர் ஒவ்வொருரும் சிறந்த முறையில் தமிழ்த் தொண்டு புரியலாமன்றோ?",False
505,"இவை அனைத்தையும் கருதியே, முன்னோர் பாடம் சொல்லும் தொண்டினை மேற்கொண்டனர்.",False
506,அதனை மேற்கொண்டு கணக்கற்ற தமிழர்களைத் தமிழ் அறிஞர் களாக்கிய நம் பாவலருக்கு நமது நன்றி உரியதாகுக.,False
507,பாவலர் குடும்பம் பாவலர் சென்ற ஆண்டிற் காலமானார் ஏறத்தாழ ஆண்டுகள் வாழ்ந்தார்.,False
508,அவருக்குப் பிள்ளைகள் ஐவர் உளர் நால்வர் ஆடவர்.,False
509,மூன்றாம் மைந்தர் வழக்கறிஞர் பட்டம் பெற்றவர்.,False
510,மற்றவர் தந்தையார் செய்துவந்த தொழில் செய் கின்றனர்.,False
511,அப்பெரியார் தம் ஓய்வு நேரங்களில் பாடி வைத்துள்ள நூல்கள் பல.,False
512,அவற்றுள் சிலவே அச்சாகி வெளி வந்தவை.,False
513,"அவற்றுள் ஷம்சுத்தாசீன் கோவை, கல்வத்து நாயக மவர்கள் இன்னிசைப் பாமாலை என்பன குறிப்பிடத்தக்கவை.",False
514,அப்புலவர்பெருமானுடைய தமிழ்ப் பணிகளால் தமிழ் முலிம்கள் பெருமையுற்றனர் பொதுவாகத் தமிழர் மகிழ்ச்சி யுற்றனர் தமிழன்னை சிறப்புற்றாள்.,False
515,நீங்கள் பாவலரைப் போலத் தமிழ் வளர்ப்பதில் ஊக்கம் கொள்ள வேண்டும் என்பதே அப்பெரியார் உங்கட்குவிடுக்கும் வேண்டுகோளாகும்.,False
516,பாவலர் புகழ் பல்லாண்டு வாழ்க!,False
517,மறைமலையடிகள் .,False
518,கல்விப் பயிற்சி முன்னுரை தமிழ்நாட்டில் டாக்டர் உ.,False
519,சாமிநாதையர் போலவே பெரும்புலவராக வாழ்ந்த சிலருள் மறைமலை அடிகள் ஒருவராவர்.,False
520,"அவருடைய செய்யுள் நூல் சங்கப் புலவராகிய நக்கீரனார் இயற்றிய திருமுருகாற்றுப் படையை ஒத்திருக்கின்றது எனின், அவரது பெருமையை என்னென்பது!",False
521,அவரைப் போல இப்பண்புகளனைத்தும் ஒருங்கே பெற்ற பெருந்தமிழ்ப் புலவரைத் தமிழகம் கண்டதில்லை என்று அறிஞர் கூறுவர்.,False
522,இத்தகைய தமிழ்ப் பெரியார் வரலாற்றைத் தமிழ் மாணவர்களாகிய நீங்கள் படித்தறிய வேண்டுவது உங்கள் கடமை அல்லவா?,False
523,அவர் தந்தையார் சொக்கநாதப் பிள்ளை என்பவர் தாயார் சின்னம்மையார் என்பவர்.,False
524,அவர்கள் சோழியச் சைவ வேளாள மரபினர்.,False
525,அவர்களுக்குப் பல ஆண்டுகள் வரை பிள்ளைப்பேறு இல்லை.,False
526,அதனால் சின்னம்மையார் திருக்கழுக்குன்றத்தில் நாற்பது நாள் உண்ணா நோன்பு மேற்கொண்டார்.,False
527,இறைவன் திருவருளால் ஒர் ஆண்குழந்தை பிறந்தது.,False
528,அதற்குத் திருக்கழுக்குன்றத்தின் பெயராகிய வேதாசலம் என்பது இடப்பட்டது.,False
529,அப்பெயரே தமிழில் மறைமலை எனப்படும்.,False
530,பின்னர் இவ்வாசிரியர் துறவு மேற்கொண்டபொழுது அடிகள் என்று அழைக்கப்பட்டார்.,False
531,அதனால் அப்பெரியார் மறைமலை அடிகள் என்று பிற்காலத்தில் அனைவராலும் அழைக்கப்பட்டார்.,False
532,இச்சிறப்புப் பெயரையே நாமும் நூல் முழுவதும் ஆள்வோம்.,False
533,வளர்ப்பு அடிகளின் பெற்றோர் நடுத்தர வளமுடைய குடும்பத்தினர் ஆதலால் அடிகள் ஓரளவு செல்வமாக வளர்ந்துவந்தார்.,False
534,கடவுள் அருளாள் பிறந்த அடிகளைப் பெற்றோர்கள் சீராட்டிப் பாராட்டி வளர்க்கலாயினர்.,False
535,"இங்ஙனம் பெற்றோர்களால் பேணி வளர்க்கப்படுகையில், அவரது குழவிப் பருவத்திலேயே, தந்தையார் திடீரெனக் காலமானார்.",False
536,"எனவே, தாயார் சின்னம்மையார் தம் பிள்ளைக்குத் தாயாராகவும் தந்தை யாராகவும் இருந்து, முழுஅன்பினையும் செலுத்தி வளர்த்து வந்தார்.",False
537,கல்விப் பயிற்சி அடிகள் ஐந்து வயதில் தொடக்கப் பள்ளியில் சேர்க்கப்பட்டார்.,False
538,எப்பாடத்தையும் ஒரு முறை படித்தவுடன் அதன் விவரங்களை எடுத்துக்கூறும் வன்மை பெற்றிருந்தார்.,False
539,எல்லா மாணவரிடத்தும் மிக்க அன்பும் மரியாதையும் காட்டிப் பழகிவந்தார் ஆசிரியன் மாரிடத்து மிக்க பயத்துடனும் பக்தியுடனும் பழகிவந்தார்.,False
540,அவருடைய இத்தகைய சீரிய பண்புகள் ஆசிரியரையும் மாணவர்களையும் ஒருங்கே கவர்ந்தன.,False
541,இக்கவர்ச்சியால் நாளடைவில் அவர் மாணவர் தலைவர் ஆனார்.,False
542,தமிழ்நூற் பயிற்சி அடிகள் தம் பதினாறாம் ஆண்டு தொடக்கத்தில் தமிழ் நூல்களைப் படிக்கவேண்டும் என்று விரும்பினார்.,False
543,தமிழுக்குப் பெயர்போன நாகை நாகப்பட்டினம் நெடுங்காலமாகவே தமிழுக்குப் பெயர் போனது.,False
544,இதனை விளக்கக் கீழ்வரும் செவி வழிச் செய்தி அறிஞரால் கூறப்படுகிறது.,False
545,ஒருமுறை காளமேகப் புலவர் நாகை சென்றார் சோறு விற்குமிடம் எது?,False
546,"அடிகள் தக்க ஆசிரியரைத் தேடிவந்த பொழுது, திருவாளர் நாராயணசாமிப் பிள்ளை என்பவர் பெயரைக் கேள்விப்பட்டார்.",False
547,பிள்ளையவர்கள் நாகையில் புத்தகக் கடை வைத்திருந்தார்.,False
548,அவர் திருவாங்கூர்ச் சீமையில் சிறிது காலம் இருந்தார்.,False
549,"அப்பொழுது அவரிடம், மனோன் மணீயம் என்னும் நாடகநூலைப் பிற்காலத்தில் எழுதி வெளியிட்ட சுந்தரம் பிள்ளைஎன்பவர் தமிழ் கற்றார்.",False
550,நாகையிலும் பலர் அவரிடம் தமிழ் பயின்றனர்.,False
551,அக்காலத்தில் வெளியிடப்பட்டிருந்த எல்லாத் தமிழ் நூல்களும் அவரது புத்தகக் கடையில் விற்பனைக்கு வைக்கப்பட்டிருந்தன.,False
552,ஆதலால் மாணவர்கள் புத்தகங்களுக்காகத் துன்பமடையவில்லை வேண்டிய நூல்களை விலைகொடுத்து வாங்கி ஆசிரியரிடம் நன்கு பயின்றனர்.,False
553,அவர் அக்கால முறைப்படி இலக்கண சூத்திரங்களையும் ஆயிரக்கணக்கான செய்யுட்களையும் மனப்பாடம் செய்து பெயர் பெற்றவர்.,False
554,"பெரும்பாலும் இலக்கண நூல்களைப் பாராமலேயே அவர் பாடஞ் சொல்லுதல் வழக்கம் எனின், அவரது இலக்கண அறிவை என்னென்பது!",False
555,அடிகள் தமது நிலையை விளக்கமாகக் கூறித் தாம் வந்த நோக்கத்தையும் கூறினார்.,False
556,"தமிழ் கற்க வேண்டும் என்பதில் அடிகளுக்கிருந்த அவாவினைக் கண்ட பிள்ளையவர்கள், எல்லையற்ற மகிழ்ச்சி அடைந்தார்.",False
557,"அவர் அடிகளை அன்புடன் நோக்கி, தம்பீ!",False
558,"மாணவர் பலர் என்னிடம் தமிழ் பயின்றுள்ளனர் ஆயின், தமிழ் கற்க வேண்டும் என்பதை உன்னைப்போல் சிறந்த குறிக்கோளாகக் கொண்டிலர்.",False
559,"அன்று முதல், மகாவித்துவான் மீனாட்சி சுந்தரம் பிள்ளையர் களிடம் டாக்டர் உ.வே.",False
560,"சாமி நாதையர் பேரார்வத்துடன் தமிழ் கற்றாற்போல, நாகைப் பிள்ளையவர்களிடம் அடிகள் தமிழ் கற்கலானார்.",False
561,இப்பயிற்சியால் அவர் இருபது வயதிற்குள் பெரும் புலவருள் ஒருவராகவும் சிறந்த பேச்சாளராகவும் கருதப்பட்டார்.,False
562,அடிகள் தமிழ் நூல்களைப் படிப்பதோடு ஆங்கில நூல்களையும் நாடோறும் படித்துவந்தார்.,False
563,படிப்படியாக ஆங்கிலச் செய்யுள் நூல்கள் பலவற்றையும் வசன நூல்கள் பலவற்றையும் படித்துமுடித்தார்.,False
564,அப்பயிற்சியின் பயனாக ஆங்கிலத்தில் நன்றாகப் பேசும் ஆற்றலும் எழுதும் ஆற்றலும் பெற்றார்.,False
565,"திருமணம் சின்னம்மையார் தம் செல்வ மைந்தர்க்கு, அவரது பதினேழாம் வயதில் திருமணம் செய்து வைத்தார்.",False
566,அவருக்கு வாய்த்த மனைவியாரது பெயர் சௌந்தரவல்லி என்பது.,False
567,"சுருங்கக் கூறின், சௌந்தரவல்லி அம்மையாரைப் போன்ற உண்மை மனைவிமாரைக் காணுதல் அரிது.",False
568,பிள்ளைகளைப் பேணுவதில் அத்தகைய உத்தம தாய்மாரைக் காணுதலும் அருமை.,False
569,சிந்தாமணி அடிகளின் பதினெட்டாம் வயதில் சௌந்தரவல்லி அம்மையார் ஒரு பெண்மகவைப் பெற்றார்.,False
570,அப்பொழுது அடிகள் மிக விரும்பிப் படித்துவந்த சிந்தாமணி என்னும் தமிழ்ப் பெருங்காவியத்தின் பெயரையே அப் பெண்குழந்தைக்கு இட்டு மகிழ்ந்தார்.,False
571,அடிகள் அந்நிலையிலும் பிள்ளையவர்களிடம் இடைவிடாது தமிழ் பயின்றுவந்தார்.,False
572,நாகையில் நாயகர் நாகையில் சைவசித்தாந்த சபை ஒன்று இருந்தது.,False
573,நமது அடிகளும் அதில் உறுப்பினராயிருந்தார்.,False
574,"நாயகர், நாகைச் சைவர் வேண்டுகோளின்படி நாகைக்கு வந்தார் அங்குச் சமயச் சொற்பொழிவுகள் பல செய்தார்.",False
575,சமயப் போராட்டத்தில் அடிகள் நாகையில் சஜ்ஜனப் பத்திரிகை என்னும் பெயருடன் வாரந்தோறும் பத்திரிகை ஒன்று வெளிவந்தது.,False
576,"வேதாந்த சாத்திரங்களில் பற்றுக்கொண்ட ஒருவர், நாயகரின் சைவ சித்தாந்த கூற்றுகள் சிலவற்றை மறுத்துப் பல கட்டுரைகள் எழுதிவந்தார்.",False
577,சைவசித்தாந்த உண்மைகளை உறுதிப்படுத்திய அக்கட்டுரைகளை எழுதிய முருகவேள் யாவர்?,False
578,என்பதை அறிய விரும்பினார் நாகைச் சைவசித்தாந்த சபையாருக்கு அது குறித்துக் கடிதம் எழுதினார்.,False
579,அச்சபையினர் அடிகளின் வரலாற்றைத் தெளிவாக எழுதி அனுப்பினர்.,False
580,சில மாதங்களுக்குப் பிறகு நாயகர் நாகை சென்றார் அடிகளை நேரிற் கண்டு அன்போடு அணைத்துக் கொண்டார்.,False
581,அன்று முதல் அடிகள் நாயகரைத் தம் சமயக் குருவாகக் கொண்டார்.,False
582,அதனைப் படித்த அடிகள் அந்நூலைப் பாராட்டிப் பிள்ளையவர்களுக்கு ஒரு கடிதம் எழுதினார்.,False
583,பிள்ளையவர்கள் இளமையில் நாகைநாராயணசாமிப் பிள்ளையவர்களிடம் தமிழ் படித்தவர் அல்லவா?,False
584,பிள்ளையவர்கள் அழைப்பு பிள்ளையவர்கள் தம் ஆசிரியரையும் அடிகளையும் திருவனந்தபுரம் வருமாறு அன்புடன் அழைப்பு விடுத்தார்.,False
585,அவ்வழைப்பை ஏற்றுக்கொண்ட இருவரும் நாகையிலிருந்து புறப்பட்டுத் திருவனந்தபுரம் சென்று பிள்ளையவர்களைக் கண்டனர் அவர் விருந்தினராகத் தங்கினர்.,False
586,"ஆசிரியரும் அடிகளும் சுந்தரனார் இல்லத்தில் ஒரு வாரம் தங்கியிருந்த பிறகு, அவரிடம் பிரியா விடை பெற்று நாகை மீண்டனர்.",False
587,தமிழ்ப் பேராசிரியர் திருவனந்தபுரத்தில் தமிழாசிரியர் சுந்தரம் பிள்ளையவர்களுக்கும் அடிகளுக்கும் கடிதத் தொடர்பு ஏற்பட்டு வளர்ந்துவந்தது.,False
588,சில மாதங்கள் கழிந்த பிறகு பிள்ளையவர்கள் அடிகளைத் திருவனந்தபுரத்திற்கு வருமாறு அழைத்தார்.,False
589,அடிகள் அவர் அழைப்புக்கிணங்கித் திருவனந்தபுரம் சென்றார்.,False
590,பிள்ளையவர்கள் அந்நகரத்திலிருந்த ஆங்கிலப் பள்ளியொன்றில் தமிழாசிரியராக வேலை பார்க்குமாறு ஏற்பாடு செய்தார்.,False
591,அடிகள் அவ்வேலையை மகிழ்ச்சியோடு ஏற்றார் மாணவர் மதித்துப் பாராட்டப் பாடங் கற்பித்தார்.,False
592,"ஆயின், அந்நகரத் தட்பவெப்ப நிலை அவரது உடல்நலத்திற்கு ஒத்துக்கொள்ளவில்லை.",False
593,அதனால் அவர் இரண்டரை மாத காலமே தமிழாசிரியர் வேலையில் இருந்தார்.,False
594,அதன் பிறகு வேலையைவிட்டு நாகைக்குச் சென்றுவிட்டார்.,False
595,ஆயினும் அவர் திருவனந்தபுரத்தில் இருந்த இரண்டரை மாத காலத்தில் அவர் செய்த நற்பணிகள் பலவாகும்.,False
596,அவருடைய சொற்பொழிவுகள் அந்நகர மக்களுக்குத் தமிழிலும் சைவத்திலும் நல்ல பற்றை உண்டாக்கின.,False
597,அடிகள்பத்திரிகை ஆசிரியர் திருவாளர் ..,False
598,நல்லசாமிப் பிள்ளை என்பவர் அக்காலத்திலிருந்த மாவட்ட நீதிபதிகளுள் ஒருவர்.,False
599,அதனைத் தம்மோடு உடன் இருந்து நடத்தத்தக்க ஒருவரைத் தேடினார்.,False
600,சோமசுந்தர நாயகர் நமது அடிகளைச் சிபாரிசு செய்தனர்.,False
601,பிளையவர்கள் அடிகளைக் கண்டு உரையாடி அவரது பெரும் புலமையை நன்கறிந்து மகிழ்ந்தார்.,False
602,அவரைத் தம்முடன் அழைத்துச் சென்று பத்திரிகை தொடங்கினார்.,False
603,அடிகள் முதல் ஐந்து மாத இதழ்கட்கு மட்டும் ஆசிரியராக இருந்தார் பிறகு அவ்வேலையை விட்டு நாகை மீண்டார்.,False
604,பரிதிமாற் கலைஞர் சென்னைக் கிறித்தவக் கல்லூரியில் அக்காலத்தில் தமிழ்ப் பேராசிரியராக இருந்தவர் வி.கோ சூரியநாராயண சாதிரியார் என்பவர்.,False
605,அவர் ஆங்கிலத்திலும் தமிழிலும் சிறந்த புலமை உடையவர் தமிழ் வளர்ச்சியில் அளவு கடந்த ஆர்வம் உடையவர்.,False
606,இத்தகைய சிறந்த பண்புகளால் அவரைக் கல்லூரி அதிகாரிகளும் பிறரும் பெரிதும் போற்றிவந்தனர்.,False
607,அவரது வடமொழிப் பெயரைப் பரிதிமாற் கலைஞன் எனத் தமிழில் மாற்றிக்கொண்டதைக் கண்ட தமிழ் அறிஞர் அவரைப் பாராட்டிப் புகழ்ந்தனர்.,False
608,அடிகள் கிறித்தவக் கல்லூரியில் தமிழாசிரியர் பரிதிமாற் கலைஞருக்கு அடுத்த நிலையில் தமிழாசிரியர் ஒருவர் தேவைப்பட்டார்.,False
609,அப்பதவிக்கு விண்ணப்பங்கள் பல வந்தன.,False
610,கல்லூரித் தலைவரான மில்லர் துரை விண்ணப்பங் களை யெல்லாம் சாதிரி யாரிடமே கொடுத்துத் தக்காரைத் தேர்ந்தெடுக்குமாறு பணித்தார்.,False
611,"சாதிரியார் சிலரைக் கல்லூரிக்கு வரவழைத்து, வகுப்பில் பாடம் நடத்துமாறு ஏற்பாடு செய்தார்.",False
612,அங்ஙனம் பாடம் நடத்திய புலவருள் நம் அடிகளும் ஒருவர்.,False
613,சாதிரியார் அவரையே தமக்கு உதவி ஆசிரியராகத் தேர்ந்தெடுத்துக்கொண்டார்.,False
614,அன்று முதல் கலைஞரும் அடிகளும் தமிழக் கடலில் இறங்கி நீந்தலாயினர்.,False
615,டாக்டர் மில்லர் போன்ற ஆங்கிலப் பேராசிரியர்கள் கூட்டுறவால் அடிகள் நாடோறும் ஆங்கில அறிவை நன்கு வளர்த்துவந்தார்.,False
616,"எனினும், அவர் ஆசிரியராக இருந்தபொழுது நாகைசொ.",False
617,வேதாசலம் பிள்ளை என்றே அழைக்கப்பட்டுவந்தார்.,False
618,சாதிரியாருடைய சேர்க்கை யால் அடிகளுக்குத் தனித் தமிழ்ப்பற்று வளர்ந்தது.,False
619,"ஆகவே, பெரும்பாலும் பிறமொழிச் சொற்களைக் கலவாமலே தமிழ் எழுதலாம் என்னும் முடிவைச் சாதிரியாரும் அடிகளும் ஒப்புக்கொண்டனர்.",False
620,அவர்கள் அவரது பெரும் புலமையையும் கற்பிக்கும் ஆற்றலையும் நன்குணர்ந்து பாராட்டி மகிழ்ந்தனர்.,False
621,செய்யுள் நூல் ஆசிரியர் அடிகள் கல்லூரி ஆசிரியராக இருந்தபொழுது சென்னை அரண்மனைக்காரத் தெருவில் குடியிருந்தார்.,False
622,அவரது பள்ளி வருமானம் போதுமானதாக இல்லை.,False
623,அதனால் ஒரளவு வறுமைத் துன்பம் குடும்பத்தில் தலை காட்டியது.,False
624,ஒருமுறை அவர் கொடிய வயிற்று வலியால் துன்புற்றார்.,False
625,அப்பொழுது அவர் தம் நோயை நீக்குமாறு முருகப் பெருமானை வேண்டினார்.,False
626,நோய் நீங்கியதும் அவர் முருகக் கடவுளுக்குத் தம் நன்றியை அறிவிக்க ஒரு மும்மணிக்கோவை நூல் பாடத் தொடங்கினார்.,False
627,எனினும் அந்நூல் தொடர்ந்து பாடப்படாமல் பல காரணங்களால் இடையில் விடப்பட்டு ஒன்றரை ஆண்டுகட்குப் பிறகு நூலாக முற்றுப் பெற்றது.,False
628,அதன் பெயர் திருவொற்றி முருகன் மும்மணிக் கோவை என்பது.,False
629,அந்நூல் அடிகளை உடையது சொற்சுவையும் பொருட்சுவையும் பொருந்தியது.,False
630,பழந்தமிழ் நூல்களைப்போன்ற நடையும் அழகும் அமைந்தது.,False
631,அடிகளின் பிற்கால வாழ்க்கை அடிகளிடம் பயின்ற மாணவர்கள் பரிதிமாற் கலைஞர் ஆம் ஆண்டு காலமானார்.,False
632,மறைமலையடிகள் அவரது பிரிவால் மிக்க துயருற்றார் அதற்குப்பின் அக்கல்லூரியில் ஆசிரியராக இருப்பதை வெறுத்தார்.,False
633,சென்னை நகர நெருக்கடி வாழ்க்கை அவரது உத்தியோக வெறுப்பை வளர்த்தது.,False
634,அந்நூல்கள் நாடு முழுவதும் பரவின கடல் கடந்த தமிழரிடத்தும் பரவின.,False
635,அதனால் அவர்க்கு யாண்டும் பெரும் புகழ் ஏற்பட்டது.,False
636,அக்காலத்தில் அவரிடம் கல்வி பயின்று தமிழ்ப்பற்றுக் கொண்ட மாணவர் பலர்.,False
637,"அவருள் குறிப்பிடத் தக்கார், தமிழறிஞர் என்று இப்பொழுது பாராட்டப்படும் நாவலர் ச.",False
638,"...., .",False
639,வையாபுரிப் பிள்ளை பி.,False
640,"., ., .",False
641,".., பி.",False
642,"., .",False
643,".., பி.",False
644,முதலியோ ராவர்.,False
645,இவர்கள் அல்லாமல் அடிகள் இல்லத்திற்குச் சென்று தமிழ் பயின்றவர் பலர்.,False
646,அவருள் முதல்வர் சென்னைப் பச்சையப்பன் கல்லூரித் தமிழாசிரியரா யிருந்த மணி.,False
647,திருநாவுக்கரசு முதலியார் என்பவர்.,False
648,இள அழகனார் என்பவர் ஒருவர்.,False
649,"சிறந்த நாவல்களை எழுதி வெளியிட்ட நாகைதண்டபாணிப் பிள்ளை, நாகைகோபால கிருட்டினப் பிள்ளை முதலியோரும் அடிகளின் மாணவர்களே.",False
650,அடிகளார் குடும்பம் அடிகளுக்குப் பெண்மக்கள் மூவரும் ஆண்மக்கள் நால்வரும் தோன்றினர்.,False
651,பல அரிய தமிழ் நூல்களை எழுதி வெளியிட்ட திருவாட்டிநீலாம்பிகை அம்மையார் என்பவர் அடிகளாரது இரண்டாம் மகளார் ஆவர்.,False
652,முதல் மகளார் பல ஆண்டுகட்கு முன்னரே காலமானார்.,False
653,மூன்றாம் மகளார் திருவாட்டிதிரிபுரசுந்தரி என்பவராவர்.,False
654,இவர் சென்னை நகராண்மைப் பெண்பள்ளி ஒன்றில் தலைமையாசிரியராக இருந்துவருகின்றார்.,False
655,ஆண்மக்கள் நால்வருள் முன்னவர் திருஞானசம்பந்தர்.,False
656,அவர் மலேயாவில் அலுவல் பார்க்கின்றார்.,False
657,அடுத்தவர் பெயர் மாணிக்கவாசகர் என்பது.,False
658,அவரும் சென்னை நகராண்மைப் பள்ளி ஒன்றில் ஆசிரியராக இருக்கின்றார்.,False
659,அடுத்தவர் திருநாவுக்கரசர் என்பவர்.,False
660,இவர் தமிழ்ப் புலவர் மறை திருநாவுக்கரசு என்று நாட்டவரால் அழைக்கப்படுபவர்.,False
661,இவர் சிறந்த பேச்சாளர் சைவ சயமச் சொற்பொழிவாளர்.,False
662,நான்காம் மகனார் சுந்தரமூர்த்தி என்பவர்.,False
663,இவர் சென்னையில் மருத்துவராக இருக்கின்றார்.,False
664,அதுமுதல் மக்கள் அவரை மறைமலை அடிகள் என்று அழைப்பாராயினர்.,False
665,அவரது பேச்சிலீடுபட்ட பிரபுக்களும் வணிகரும் உத்தியோ கதர்களும் அவருக்குப் பெரும் பொருள் உதவி செய்தனர்.,False
666,படிப்படியாக நாற்பதாண்டுகளில் நாற்பதாயிரம் ரூபாய் பெறத்தக்க நூல்நிலையத்தை ஏற்படுத்தினார்.,False
667,அடிகளது மறைவு தமிழ் நாட்டிற்கு ஈடுசெய்ய முடியாத பெரிய நஷ்டமாகும்.,False
668,இத்தகைய மனவுறுதி உடைய பெருமக்களைக் காண்பது மிக்க அருமை அல்லவா?,False
669,அழியாப் புகழ் அடிகள் தூய தமிழில் எழுதவேண்டும் என்னும் கொள்கையை வற்புறுத்தி அவ்வாறே எழுதி வெற்றி பெற்றவர்.,False
670,ஆதனால் தமிழ்மொழி வரலாற்றில் அவர் சிறந்த இடம் பெற்றுவிட்டார்.,False
671,அந்நூல்கள் உள்ளவரை அடிகளது பெயரும் புகழம் அழியாமல் நாட்டில் நிலை பெற்றிருக்கும்.,False
672,அடிகளார் புகழ் எங்கும் பரவுக!,False
673,இதனை அடிகளே என்னிடம் கூறினர்.,False
